PLAYER_ID,PLAYER_NAME,TEAM_ID,TEAM_ABBREVIATION,AGE,PLAYER_HEIGHT,PLAYER_HEIGHT_INCHES,PLAYER_WEIGHT,COLLEGE,COUNTRY,DRAFT_YEAR,DRAFT_ROUND,DRAFT_NUMBER,GP,PTS,REB,AST,NET_RATING,OREB_PCT,DREB_PCT,USG_PCT,TS_PCT,AST_PCT,SEASON
201985,AJ Price,1610612739,CLE,28.0,6-2,74.0,195,Connecticut,USA,2009,2,52,26,5.1,1.2,1.8,-10.0,0.017,0.085,0.218,0.451,0.254,2014-15
201166,Aaron Brooks,1610612741,CHI,30.0,6-0,72.0,161,Oregon,USA,2007,1,26,82,11.6,2.0,3.2,5.0,0.017,0.068,0.246,0.534,0.245,2014-15
203932,Aaron Gordon,1610612753,ORL,19.0,6-9,81.0,220,Arizona,USA,2014,1,4,47,5.2,3.6,0.7,-7.9,0.058,0.151,0.151,0.517,0.064,2014-15
203940,Adreian Payne,1610612750,MIN,24.0,6-10,82.0,245,Michigan State,USA,2014,1,15,32,6.7,5.1,0.9,-17.0,0.066,0.168,0.173,0.443,0.067,2014-15
201143,Al Horford,1610612737,ATL,29.0,6-10,82.0,250,Florida,Dominican Republic,2007,1,3,76,15.2,7.2,3.2,6.7,0.061,0.173,0.22,0.563,0.178,2014-15
2744,Al Jefferson,1610612766,CHA,30.0,6-10,82.0,289,None,USA,2004,1,15,65,16.6,8.4,1.7,-3.4,0.049,0.23,0.265,0.5,0.11,2014-15
202329,Al-Farouq Aminu,1610612742,DAL,24.0,6-9,81.0,215,Wake Forest,USA,2010,1,8,74,5.6,4.6,0.8,5.3,0.081,0.161,0.146,0.504,0.062,2014-15
101187,Alan Anderson,1610612751,BKN,32.0,6-6,78.0,220,Michigan State,USA,Undrafted,Undrafted,Undrafted,74,7.4,2.8,1.1,-1.0,0.018,0.096,0.139,0.563,0.074,2014-15
202692,Alec Burks,1610612762,UTA,23.0,6-6,78.0,211,Colorado,USA,2011,1,12,27,13.9,4.2,3.0,-7.2,0.022,0.113,0.206,0.524,0.145,2014-15
203945,Alex Kirk,1610612739,CLE,23.0,7-0,84.0,245,New Mexico,USA,Undrafted,Undrafted,Undrafted,5,0.8,0.2,0.2,-44.1,0.0,0.0,0.167,0.41,0.125,2014-15
203458,Alex Len,1610612756,PHX,22.0,7-1,85.0,255,Maryland,Ukraine,2013,1,5,69,6.3,6.6,0.5,-0.3,0.092,0.196,0.133,0.542,0.03,2014-15
203144,Alexey Shved,1610612752,NYK,26.0,6-6,78.0,187,None,Russia,Undrafted,Undrafted,Undrafted,42,10.3,2.4,2.5,-9.1,0.027,0.096,0.251,0.541,0.26,2014-15
201582,Alexis Ajinca,1610612740,NOP,27.0,7-2,86.0,248,None,France,2008,1,20,68,6.5,4.6,0.7,-0.2,0.115,0.22,0.21,0.595,0.084,2014-15
203459,Allen Crabbe,1610612757,POR,23.0,6-6,78.0,210,California,USA,2013,2,31,51,3.3,1.4,0.8,-2.0,0.01,0.092,0.111,0.525,0.082,2014-15
202087,Alonzo Gee,1610612757,POR,28.0,6-6,78.0,225,Alabama,USA,Undrafted,Undrafted,Undrafted,54,4.5,1.7,0.5,-6.1,0.054,0.083,0.164,0.548,0.062,2014-15
2405,Amar'e Stoudemire,1610612742,DAL,32.0,6-10,82.0,245,None,USA,2002,1,9,59,11.5,5.6,0.8,-2.5,0.091,0.187,0.232,0.595,0.064,2014-15
101161,Amir Johnson,1610612761,TOR,28.0,6-9,81.0,240,None,USA,2005,2,56,75,9.3,6.1,1.6,1.8,0.082,0.146,0.155,0.603,0.092,2014-15
2760,Anderson Varejao,1610612739,CLE,32.0,6-11,83.0,267,None,Brazil,2004,2,30,26,9.8,6.5,1.3,0.1,0.096,0.191,0.182,0.58,0.09,2014-15
203958,Andre Dawkins,1610612748,MIA,23.0,6-5,77.0,219,Duke,USA,Undrafted,Undrafted,Undrafted,4,0.8,0.5,0.3,-11.6,0.0,0.0,0.149,0.25,0.077,2014-15
203083,Andre Drummond,1610612765,DET,21.0,6-11,83.0,279,Connecticut,USA,2012,1,9,82,13.8,13.5,0.7,-0.6,0.162,0.272,0.217,0.504,0.037,2014-15
2738,Andre Iguodala,1610612744,GSW,31.0,6-6,78.0,215,Arizona,USA,2004,1,9,77,7.8,3.3,3.0,10.5,0.021,0.094,0.131,0.553,0.151,2014-15
1889,Andre Miller,1610612758,SAC,39.0,6-2,74.0,200,Utah,USA,1999,1,8,81,4.4,1.9,3.5,-4.8,0.031,0.092,0.152,0.548,0.352,2014-15
203460,Andre Roberson,1610612760,OKC,23.0,6-7,79.0,210,Colorado,USA,2013,1,26,67,3.4,3.8,1.0,5.6,0.046,0.143,0.088,0.513,0.075,2014-15
200745,Andrea Bargnani,1610612752,NYK,29.0,7-0,84.0,245,None,Italy,2006,1,1,29,14.8,4.4,1.6,-18.2,0.039,0.128,0.258,0.527,0.119,2014-15
1905,Andrei Kirilenko,1610612751,BKN,34.0,6-9,81.0,235,None,Russia,1999,1,24,7,0.4,1.1,0.1,-44.6,0.057,0.146,0.092,0.222,0.038,2014-15
101106,Andrew Bogut,1610612744,GSW,30.0,7-0,84.0,260,Utah,Australia,2005,1,1,67,6.3,8.1,2.7,16.9,0.092,0.237,0.131,0.565,0.149,2014-15
203094,Andrew Nicholson,1610612753,ORL,25.0,6-9,81.0,250,St. Bonaventure,Canada,2012,1,19,40,4.9,2.1,0.6,-9.7,0.035,0.13,0.207,0.483,0.076,2014-15
203952,Andrew Wiggins,1610612750,MIN,20.0,6-8,80.0,199,Kansas,Canada,2014,1,1,82,16.9,4.6,2.1,-9.7,0.044,0.085,0.223,0.517,0.097,2014-15
203461,Anthony Bennett,1610612750,MIN,22.0,6-8,80.0,245,UNLV,Canada,2013,1,1,57,5.2,3.8,0.8,-16.4,0.054,0.202,0.172,0.458,0.087,2014-15
203076,Anthony Davis,1610612740,NOP,22.0,6-10,82.0,220,Kentucky,USA,2012,1,1,68,24.4,10.2,2.2,6.1,0.072,0.215,0.272,0.591,0.109,2014-15
201627,Anthony Morrow,1610612760,OKC,29.0,6-5,77.0,210,Georgia Tech,USA,Undrafted,Undrafted,Undrafted,74,10.7,2.6,0.8,5.1,0.021,0.081,0.16,0.604,0.05,2014-15
201229,Anthony Tolliver,1610612765,DET,30.0,6-8,80.0,240,Creighton,USA,Undrafted,Undrafted,Undrafted,76,6.3,3.1,0.8,3.2,0.034,0.134,0.145,0.569,0.061,2014-15
203462,Archie Goodwin,1610612756,PHX,20.0,6-5,77.0,198,Kentucky,USA,2013,1,29,41,5.6,1.8,1.1,-14.7,0.043,0.089,0.225,0.486,0.149,2014-15
202620,Arinze Onuaku,1610612750,MIN,27.0,6-9,81.0,275,Syracuse,USA,Undrafted,Undrafted,Undrafted,6,4.5,3.5,0.7,-10.5,0.108,0.192,0.125,0.771,0.089,2014-15
203382,Aron Baynes,1610612759,SAS,28.0,6-10,82.0,260,Washington State,Australia,Undrafted,Undrafted,Undrafted,70,6.6,4.5,0.5,6.8,0.1,0.18,0.172,0.618,0.049,2014-15
201167,Arron Afflalo,1610612757,POR,29.0,6-5,77.0,215,UCLA,USA,2007,1,27,78,13.3,3.2,1.7,-0.2,0.01,0.085,0.188,0.533,0.079,2014-15
201948,Austin Daye,1610612737,ATL,27.0,6-11,83.0,220,Gonzaga,USA,2009,1,15,34,3.8,2.2,0.5,-4.4,0.028,0.18,0.211,0.449,0.083,2014-15
203085,Austin Rivers,1610612746,LAC,22.0,6-4,76.0,200,Duke,USA,2012,1,10,76,7.0,2.0,2.0,-3.6,0.017,0.079,0.174,0.481,0.157,2014-15
202340,Avery Bradley,1610612738,BOS,24.0,6-2,74.0,180,University of Texas at Austin,USA,2010,1,19,77,13.9,3.1,1.8,-1.1,0.018,0.079,0.207,0.507,0.087,2014-15
2732,Ben Gordon,1610612753,ORL,32.0,6-3,75.0,205,Connecticut,USA,2004,1,3,56,6.2,1.1,0.9,-9.9,0.008,0.072,0.213,0.538,0.111,2014-15
203463,Ben McLemore,1610612758,SAC,22.0,6-5,77.0,195,Kansas,USA,2013,1,7,82,12.1,2.9,1.7,-0.6,0.012,0.076,0.17,0.552,0.082,2014-15
2757,Beno Udrih,1610612763,MEM,32.0,6-3,75.0,205,None,Slovenia,2004,1,28,79,7.7,1.8,2.8,-0.5,0.014,0.081,0.191,0.55,0.236,2014-15
203108,Bernard James,1610612742,DAL,30.0,6-10,82.0,235,Florida State,USA,2012,2,33,16,2.8,2.4,0.3,-0.6,0.11,0.128,0.119,0.593,0.039,2014-15
202687,Bismack Biyombo,1610612766,CHA,22.0,6-9,81.0,245,None,DRC,2011,1,7,64,4.8,6.4,0.3,-1.1,0.116,0.192,0.114,0.578,0.021,2014-15
201933,Blake Griffin,1610612746,LAC,26.0,6-10,82.0,251,Oklahoma,USA,2009,1,1,67,21.9,7.6,5.3,12.2,0.056,0.161,0.278,0.551,0.246,2014-15
202711,Bojan Bogdanovic,1610612751,BKN,26.0,6-8,80.0,216,None,Croatia,2011,2,31,78,9.0,2.7,0.9,-4.9,0.028,0.086,0.169,0.562,0.057,2014-15
2564,Boris Diaw,1610612759,SAS,33.0,6-8,80.0,250,None,France,2003,1,21,81,8.7,4.3,2.9,7.4,0.041,0.137,0.18,0.526,0.181,2014-15
203078,Bradley Beal,1610612764,WAS,22.0,6-5,77.0,207,Florida,USA,2012,1,3,63,15.3,3.8,3.1,4.5,0.029,0.085,0.222,0.521,0.144,2014-15
201148,Brandan Wright,1610612756,PHX,27.0,6-10,82.0,210,North Carolina,USA,2007,1,8,75,7.3,4.3,0.5,-0.1,0.088,0.129,0.134,0.66,0.044,2014-15
101138,Brandon Bass,1610612738,BOS,30.0,6-8,80.0,250,Louisiana State,USA,2005,2,33,82,10.6,4.9,1.3,-2.9,0.07,0.131,0.195,0.557,0.091,2014-15
203561,Brandon Davies,1610612755,PHI,23.0,6-10,82.0,240,Brigham Young,USA,Undrafted,Undrafted,Undrafted,27,5.3,3.1,1.1,-18.0,0.084,0.119,0.183,0.463,0.123,2014-15
201943,Brandon Jennings,1610612765,DET,25.0,6-1,73.0,169,None,USA,2009,1,10,41,15.4,2.5,6.6,0.8,0.016,0.071,0.25,0.522,0.384,2014-15
202688,Brandon Knight,1610612756,PHX,23.0,6-3,75.0,189,Kentucky,USA,2011,1,8,63,17.0,3.9,5.2,-1.7,0.014,0.104,0.25,0.543,0.272,2014-15
201575,Brandon Rush,1610612744,GSW,29.0,6-6,78.0,220,Kansas,USA,2008,1,13,33,0.9,1.2,0.4,-21.9,0.014,0.136,0.106,0.255,0.063,2014-15
2217,Brendan Haywood,1610612739,CLE,35.0,7-0,84.0,263,North Carolina,USA,2001,1,20,22,1.6,1.3,0.1,-23.3,0.048,0.176,0.169,0.49,0.032,2014-15
203148,Brian Roberts,1610612766,CHA,29.0,6-1,73.0,173,Dayton,USA,Undrafted,Undrafted,Undrafted,72,6.7,1.5,2.3,-3.8,0.009,0.07,0.182,0.495,0.209,2014-15
201572,Brook Lopez,1610612751,BKN,27.0,7-0,84.0,275,Stanford,USA,2008,1,10,72,17.2,7.4,0.7,-3.2,0.102,0.152,0.257,0.558,0.044,2014-15
203998,Bruno Caboclo,1610612761,TOR,19.0,6-9,81.0,205,None,Brazil,2014,1,20,8,1.3,0.3,0.0,-68.5,0.043,0.0,0.281,0.417,0.0,2014-15
203955,Bryce Cotton,1610612762,UTA,22.0,6-1,73.0,165,Providence,USA,Undrafted,Undrafted,Undrafted,15,5.3,1.2,1.0,-1.8,0.018,0.097,0.227,0.52,0.169,2014-15
201228,C.J. Watson,1610612754,IND,31.0,6-2,74.0,175,Tennessee,USA,Undrafted,Undrafted,Undrafted,57,10.0,2.9,3.6,-1.2,0.012,0.1,0.18,0.581,0.229,2014-15
203912,C.J. Wilcox,1610612746,LAC,24.0,6-5,77.0,195,Washington,USA,2014,1,28,21,2.0,0.3,0.4,-9.0,0.01,0.056,0.21,0.527,0.151,2014-15
203468,CJ McCollum,1610612757,POR,23.0,6-4,76.0,200,Lehigh,USA,2013,1,10,62,6.8,1.5,1.0,4.7,0.014,0.074,0.198,0.534,0.104,2014-15
101139,CJ Miles,1610612754,IND,28.0,6-6,78.0,231,None,USA,2005,2,34,70,13.5,3.1,1.1,3.8,0.009,0.101,0.23,0.525,0.069,2014-15
203946,Cameron Bairstow,1610612741,CHI,24.0,6-9,81.0,250,New Mexico,Australia,2014,2,49,18,0.6,0.4,0.1,-16.3,0.09,0.037,0.126,0.309,0.021,2014-15
201171,Carl Landry,1610612758,SAC,31.0,6-9,81.0,248,Purdue,USA,2007,2,31,70,7.2,3.8,0.4,-8.8,0.082,0.135,0.18,0.578,0.04,2014-15
2430,Carlos Boozer,1610612747,LAL,33.0,6-9,81.0,258,Duke,USA,2002,2,34,71,11.8,6.8,1.3,-9.3,0.062,0.223,0.231,0.517,0.101,2014-15
2546,Carmelo Anthony,1610612752,NYK,31.0,6-8,80.0,240,Syracuse,USA,2003,1,3,40,24.2,6.6,3.1,-4.5,0.052,0.14,0.319,0.531,0.161,2014-15
2406,Caron Butler,1610612765,DET,35.0,6-7,79.0,228,Connecticut,USA,2002,1,10,78,5.9,2.5,1.0,-0.9,0.012,0.111,0.129,0.544,0.074,2014-15
201858,Cartier Martin,1610612765,DET,30.0,6-7,79.0,220,Kansas State,USA,Undrafted,Undrafted,Undrafted,23,1.6,0.9,0.5,5.4,0.0,0.104,0.124,0.34,0.085,2014-15
202718,Chandler Parsons,1610612742,DAL,26.0,6-9,81.0,227,Florida,USA,2011,2,38,66,15.7,4.9,2.4,4.0,0.029,0.119,0.201,0.567,0.111,2014-15
101112,Channing Frye,1610612753,ORL,32.0,6-11,83.0,255,Arizona,USA,2005,1,8,75,7.3,3.9,1.3,-6.9,0.014,0.151,0.139,0.546,0.074,2014-15
101111,Charlie Villanueva,1610612742,DAL,30.0,6-11,83.0,232,Connecticut,USA,2005,1,7,64,6.3,2.3,0.3,-3.7,0.041,0.165,0.252,0.534,0.047,2014-15
201978,Chase Budinger,1610612750,MIN,27.0,6-7,79.0,209,Arizona,USA,2009,2,44,67,6.8,3.0,1.0,-9.3,0.026,0.131,0.161,0.537,0.082,2014-15
2365,Chris Andersen,1610612748,MIA,36.0,6-10,82.0,245,Blinn J.C.,USA,Undrafted,Undrafted,Undrafted,60,5.3,5.0,0.7,-0.4,0.075,0.201,0.123,0.622,0.063,2014-15
2547,Chris Bosh,1610612748,MIA,31.0,6-11,83.0,235,Georgia Tech,USA,2003,1,4,44,21.1,7.0,2.2,-4.1,0.032,0.176,0.282,0.548,0.121,2014-15
203142,Chris Copeland,1610612754,IND,31.0,6-8,80.0,235,Colorado,USA,Undrafted,Undrafted,Undrafted,50,6.2,2.2,1.0,-2.6,0.027,0.106,0.206,0.468,0.102,2014-15
201604,Chris Douglas-Roberts,1610612746,LAC,28.0,6-7,79.0,210,Memphis,USA,2008,2,40,12,1.6,1.0,0.3,-4.3,0.01,0.138,0.108,0.387,0.058,2014-15
203187,Chris Johnson,1610612762,UTA,25.0,6-6,78.0,201,University of Dayton,USA,Undrafted,Undrafted,Undrafted,29,5.7,1.9,0.5,-3.2,0.014,0.086,0.139,0.515,0.046,2014-15
2549,Chris Kaman,1610612757,POR,33.0,7-0,84.0,265,Central Michigan,USA,2003,1,6,74,8.6,6.5,0.9,-0.7,0.105,0.235,0.222,0.537,0.079,2014-15
101108,Chris Paul,1610612746,LAC,30.0,6-0,72.0,175,Wake Forest,USA,2005,1,4,82,19.1,4.6,10.2,12.7,0.019,0.111,0.232,0.596,0.441,2014-15
101236,Chuck Hayes,1610612761,TOR,32.0,6-6,78.0,240,Kentucky,USA,Undrafted,Undrafted,Undrafted,29,1.7,1.8,0.7,8.8,0.071,0.139,0.104,0.492,0.105,2014-15
203921,Cleanthony Early,1610612752,NYK,24.0,6-8,80.0,220,Wichita State,USA,2014,2,34,39,5.4,2.5,0.9,-12.3,0.032,0.122,0.19,0.447,0.102,2014-15
203991,Clint Capela,1610612745,HOU,21.0,6-10,82.0,240,None,Switzerland,2014,1,25,12,2.7,3.0,0.2,5.0,0.099,0.218,0.206,0.409,0.037,2014-15
203469,Cody Zeller,1610612766,CHA,22.0,7-0,84.0,240,Indiana,USA,2013,1,4,62,7.6,5.8,1.6,1.2,0.064,0.175,0.153,0.53,0.106,2014-15
202332,Cole Aldrich,1610612752,NYK,26.0,6-11,83.0,250,Kansas,USA,2010,1,11,61,5.5,5.5,1.2,-13.5,0.099,0.249,0.178,0.513,0.143,2014-15
201147,Corey Brewer,1610612745,HOU,29.0,6-9,81.0,186,Florida,USA,2007,1,7,80,11.5,3.7,2.2,-0.5,0.036,0.101,0.206,0.507,0.131,2014-15
203928,Cory Jefferson,1610612751,BKN,24.0,6-9,81.0,218,Baylor,USA,2014,2,60,50,3.7,2.9,0.3,8.2,0.087,0.173,0.17,0.48,0.047,2014-15
202709,Cory Joseph,1610612759,SAS,23.0,6-3,75.0,190,Texas,Canada,2011,1,29,79,6.8,2.4,2.4,6.2,0.032,0.101,0.166,0.564,0.205,2014-15
201584,Courtney Lee,1610612763,MEM,29.0,6-5,77.0,200,Western Kentucky,USA,2008,1,22,77,10.1,2.3,2.0,2.2,0.009,0.069,0.148,0.555,0.096,2014-15
201571,D.J. Augustin,1610612760,OKC,27.0,6-0,72.0,183,Texas,USA,2008,1,9,82,9.5,2.0,4.3,-2.3,0.009,0.071,0.194,0.527,0.286,2014-15
2563,Dahntay Jones,1610612746,LAC,34.0,6-6,78.0,225,Duke,USA,2003,1,20,33,0.6,0.3,0.1,-26.3,0.007,0.081,0.094,0.406,0.027,2014-15
203081,Damian Lillard,1610612757,POR,24.0,6-3,75.0,195,Weber State,USA,2012,1,6,82,21.0,4.6,6.2,5.3,0.016,0.107,0.262,0.56,0.285,2014-15
204014,Damjan Rudez,1610612754,IND,29.0,6-10,82.0,200,None,Croatia,Undrafted,Undrafted,Undrafted,68,4.8,0.7,0.8,0.1,0.007,0.037,0.134,0.591,0.079,2014-15
201568,Danilo Gallinari,1610612743,DEN,26.0,6-10,82.0,225,None,Italy,2008,1,6,59,12.4,3.7,1.4,1.2,0.02,0.13,0.214,0.563,0.094,2014-15
101122,Danny Granger,1610612756,PHX,32.0,6-9,81.0,222,New Mexico,USA,2005,1,17,30,6.3,2.7,0.6,-9.5,0.035,0.102,0.156,0.527,0.049,2014-15
201980,Danny Green,1610612759,SAS,28.0,6-6,78.0,215,North Carolina,USA,2009,2,46,81,11.7,4.2,2.0,9.8,0.025,0.122,0.17,0.596,0.101,2014-15
201967,Dante Cunningham,1610612740,NOP,28.0,6-8,80.0,230,Villanova,USA,2009,2,33,66,5.2,3.9,0.8,-0.4,0.045,0.113,0.109,0.473,0.045,2014-15
203957,Danté Exum,1610612762,UTA,19.0,6-6,78.0,190,None,Australia,2014,1,5,82,4.8,1.6,2.4,2.7,0.016,0.057,0.137,0.457,0.169,2014-15
203121,Darius Miller,1610612740,NOP,25.0,6-8,80.0,225,Kentucky,USA,2012,2,46,5,0.4,0.2,0.4,-13.5,0.0,0.027,0.084,0.143,0.074,2014-15
202721,Darius Morris,1610612751,BKN,24.0,6-4,76.0,195,Michigan,USA,2011,2,41,38,2.2,0.7,1.3,-10.0,0.021,0.067,0.19,0.377,0.281,2014-15
201589,Darrell Arthur,1610612743,DEN,27.0,6-9,81.0,235,Kansas,USA,2008,1,27,58,6.6,2.9,1.0,0.4,0.049,0.112,0.199,0.466,0.096,2014-15
201954,Darren Collison,1610612758,SAC,27.0,6-0,72.0,175,UCLA,USA,2009,1,21,45,16.1,3.2,5.6,0.8,0.013,0.076,0.206,0.575,0.263,2014-15
101135,David Lee,1610612744,GSW,32.0,6-9,81.0,245,Florida,USA,2005,1,30,49,7.9,5.2,1.7,1.3,0.086,0.19,0.192,0.541,0.142,2014-15
204065,David Stockton,1610612758,SAC,24.0,5-11,71.0,165,Gonzaga,USA,2014,0,0,3,2.7,0.7,3.0,33.8,0.0,0.044,0.15,0.463,0.333,2014-15
204033,David Wear,1610612758,SAC,24.0,6-10,82.0,230,UCLA,USA,Undrafted,Undrafted,Undrafted,2,0.0,1.0,0.5,-60.0,0.0,0.0,0.087,0.0,0.143,2014-15
2561,David West,1610612754,IND,34.0,6-9,81.0,250,Xavier,USA,2003,1,18,66,11.7,6.8,3.4,-1.2,0.056,0.171,0.208,0.508,0.199,2014-15
201599,DeAndre Jordan,1610612746,LAC,26.0,6-11,83.0,265,Texas A&M,USA,2008,2,35,82,11.5,15.0,0.7,11.7,0.144,0.289,0.134,0.638,0.03,2014-15
201971,DeJuan Blair,1610612764,WAS,26.0,6-7,79.0,270,Pittsburgh,USA,2009,2,37,29,1.9,1.9,0.1,-14.3,0.092,0.207,0.172,0.469,0.029,2014-15
201942,DeMar DeRozan,1610612761,TOR,25.0,6-7,79.0,220,Southern California,USA,2009,1,9,60,20.1,4.6,3.5,2.7,0.02,0.113,0.282,0.51,0.174,2014-15
202326,DeMarcus Cousins,1610612758,SAC,24.0,6-11,83.0,270,Kentucky,USA,2010,1,5,59,24.1,12.7,3.6,1.1,0.096,0.269,0.334,0.545,0.202,2014-15
201960,DeMarre Carroll,1610612737,ATL,28.0,6-8,80.0,212,Missouri,USA,2009,1,27,70,12.6,5.3,1.7,5.6,0.048,0.125,0.165,0.603,0.083,2014-15
203471,Dennis Schröder,1610612737,ATL,21.0,6-1,73.0,168,None,Germany,2013,1,17,77,10.0,2.1,4.1,0.2,0.02,0.089,0.267,0.516,0.373,2014-15
101114,Deron Williams,1610612751,BKN,31.0,6-3,75.0,200,Illinois,USA,2005,1,3,68,13.0,3.5,6.6,0.2,0.014,0.099,0.219,0.504,0.326,2014-15
202324,Derrick Favors,1610612762,UTA,23.0,6-10,82.0,262,Georgia Tech,USA,2010,1,3,74,16.0,8.2,1.5,1.5,0.09,0.185,0.237,0.558,0.09,2014-15
201565,Derrick Rose,1610612741,CHI,26.0,6-3,75.0,190,Memphis,USA,2008,1,1,51,17.7,3.2,4.9,3.7,0.022,0.075,0.305,0.493,0.289,2014-15
202682,Derrick Williams,1610612758,SAC,24.0,6-8,80.0,240,Arizona,USA,2011,1,2,74,8.3,2.7,0.7,-7.7,0.029,0.103,0.185,0.54,0.057,2014-15
2734,Devin Harris,1610612742,DAL,32.0,6-3,75.0,192,Wisconsin,USA,2004,1,5,76,8.8,1.8,3.1,3.4,0.007,0.072,0.175,0.559,0.207,2014-15
203906,Devyn Marble,1610612753,ORL,22.0,6-6,78.0,200,Iowa,USA,2014,2,56,16,2.3,1.9,1.1,-1.1,0.022,0.127,0.122,0.362,0.102,2014-15
203473,Dewayne Dedmon,1610612753,ORL,25.0,7-0,84.0,245,USC,USA,Undrafted,Undrafted,Undrafted,59,3.7,5.0,0.2,-0.6,0.135,0.208,0.124,0.568,0.016,2014-15
203079,Dion Waiters,1610612760,OKC,23.0,6-4,76.0,225,Syracuse,USA,2012,1,4,80,11.8,2.4,2.0,1.7,0.017,0.066,0.218,0.46,0.116,2014-15
1717,Dirk Nowitzki,1610612742,DAL,37.0,7-0,84.0,245,None,Germany,1998,1,9,77,17.3,5.9,1.9,4.4,0.02,0.183,0.244,0.56,0.101,2014-15
202388,Donald Sloan,1610612754,IND,27.0,6-3,75.0,205,Texas A&M,USA,Undrafted,Undrafted,Undrafted,53,7.4,2.7,3.6,-4.2,0.01,0.115,0.181,0.503,0.291,2014-15
202700,Donatas Motiejunas,1610612745,HOU,24.0,7-0,84.0,255,None,Lithuania,2011,1,20,71,12.0,5.9,1.8,2.7,0.066,0.14,0.19,0.553,0.109,2014-15
2748,Dorell Wright,1610612757,POR,29.0,6-9,81.0,205,None,USA,2004,1,19,48,4.6,2.3,0.9,5.5,0.023,0.157,0.164,0.525,0.102,2014-15
203926,Doug McDermott,1610612741,CHI,23.0,6-8,80.0,225,Creighton,USA,2014,1,11,36,3.0,1.2,0.2,-15.1,0.019,0.113,0.18,0.48,0.033,2014-15
203110,Draymond Green,1610612744,GSW,25.0,6-7,79.0,230,Michigan State,USA,2012,2,35,79,11.7,8.2,3.7,15.8,0.046,0.195,0.169,0.54,0.155,2014-15
2400,Drew Gooden,1610612764,WAS,33.0,6-10,82.0,250,Kansas,USA,2002,1,4,51,5.4,4.4,1.0,0.1,0.085,0.166,0.167,0.469,0.089,2014-15
204079,Drew Gordon,1610612755,PHI,24.0,6-9,81.0,245,New Mexico,USA,Undrafted,Undrafted,Undrafted,9,1.9,2.0,0.2,-20.8,0.083,0.162,0.155,0.428,0.044,2014-15
202779,Dwight Buycks,1610612747,LAL,26.0,6-3,75.0,190,Marquette,USA,Undrafted,Undrafted,Undrafted,6,8.7,2.0,2.3,-8.2,0.017,0.083,0.207,0.586,0.206,2014-15
2730,Dwight Howard,1610612745,HOU,29.0,6-11,83.0,275,None,USA,2004,1,1,41,15.8,10.5,1.2,9.3,0.092,0.259,0.232,0.596,0.072,2014-15
203939,Dwight Powell,1610612742,DAL,23.0,6-11,83.0,240,Stanford,Canada,2014,2,45,29,3.1,1.7,0.3,1.1,0.071,0.147,0.166,0.552,0.058,2014-15
2548,Dwyane Wade,1610612748,MIA,33.0,6-4,76.0,220,Marquette,USA,2003,1,5,62,21.5,3.5,4.8,-2.1,0.032,0.085,0.338,0.534,0.3,2014-15
202734,E'Twaun Moore,1610612741,CHI,26.0,6-4,76.0,191,Purdue,USA,2011,2,55,56,2.7,0.8,0.6,-1.3,0.024,0.066,0.14,0.504,0.106,2014-15
2853,Earl Barron,1610612756,PHX,33.0,7-0,84.0,250,Memphis,USA,Undrafted,Undrafted,Undrafted,16,2.0,1.8,0.3,-16.9,0.08,0.118,0.151,0.361,0.06,2014-15
201947,Earl Clark,1610612751,BKN,27.0,6-10,82.0,234,Louisville,USA,2009,1,14,10,2.7,2.3,0.3,-10.9,0.01,0.21,0.174,0.425,0.058,2014-15
202334,Ed Davis,1610612747,LAL,26.0,6-10,82.0,240,North Carolina,USA,2010,1,13,79,8.3,7.6,1.2,-6.6,0.118,0.208,0.144,0.594,0.082,2014-15
202327,Ekpe Udoh,1610612746,LAC,28.0,6-10,82.0,245,Baylor,USA,2010,1,6,33,0.9,0.8,0.2,-4.9,0.057,0.14,0.122,0.519,0.107,2014-15
203901,Elfrid Payton,1610612753,ORL,21.0,6-4,76.0,185,Louisana-Lafayette,USA,2014,1,10,82,8.9,4.3,6.5,-3.4,0.042,0.099,0.179,0.456,0.314,2014-15
202407,Elijah Millsap,1610612762,UTA,27.0,6-6,78.0,215,Alabama-Birmingham,USA,Undrafted,Undrafted,Undrafted,47,5.3,3.2,1.2,3.9,0.03,0.126,0.164,0.45,0.101,2014-15
202343,Elliot Williams,1610612755,PHI,26.0,,,,Memphis,USA,2010,1,22,13,2.8,0.6,0.9,5.5,0.0,0.065,0.162,0.477,0.15,2014-15
1882,Elton Brand,1610612737,ATL,36.0,6-9,81.0,254,Duke,USA,1999,1,1,36,2.7,2.8,0.6,1.2,0.057,0.144,0.114,0.457,0.07,2014-15
202683,Enes Freedom,1610612760,OKC,23.0,6-11,83.0,245,None,Turkey,2011,1,3,75,15.5,8.9,0.7,-0.7,0.128,0.191,0.238,0.564,0.044,2014-15
202339,Eric Bledsoe,1610612756,PHX,25.0,6-1,73.0,195,Kentucky,USA,2010,1,18,81,17.0,5.2,6.1,0.7,0.026,0.121,0.233,0.555,0.273,2014-15
201569,Eric Gordon,1610612740,NOP,26.0,6-4,76.0,215,Indiana,USA,2008,1,7,61,13.4,2.6,3.8,1.8,0.014,0.065,0.196,0.544,0.177,2014-15
203961,Eric Moreland,1610612758,SAC,23.0,6-10,82.0,218,Oregon State,USA,Undrafted,Undrafted,Undrafted,3,0.7,0.3,0.0,54.3,0.0,0.0,0.2,1.0,0.0,2014-15
203475,Erick Green,1610612743,DEN,24.0,6-4,76.0,185,Virginia Tech,USA,2013,2,46,43,3.4,0.7,0.9,-9.3,0.015,0.06,0.181,0.436,0.165,2014-15
101141,Ersan Ilyasova,1610612749,MIL,28.0,6-10,82.0,235,None,Turkey,2005,2,36,58,11.5,4.8,1.0,1.3,0.062,0.157,0.217,0.554,0.07,2014-15
203095,Evan Fournier,1610612753,ORL,22.0,6-7,79.0,205,None,France,2012,1,20,58,12.0,2.6,2.1,-4.1,0.018,0.078,0.197,0.546,0.115,2014-15
202323,Evan Turner,1610612738,BOS,26.0,6-7,79.0,220,Ohio State,USA,2010,1,2,82,9.5,5.1,5.5,-1.8,0.017,0.163,0.193,0.482,0.302,2014-15
203105,Festus Ezeli,1610612744,GSW,25.0,6-11,83.0,265,Vanderbilt,Nigeria,2012,1,30,46,4.4,3.4,0.2,1.4,0.115,0.165,0.173,0.58,0.028,2014-15
101128,Francisco Garcia,1610612745,HOU,33.0,6-7,79.0,215,Louisville,Dominican Republic,2005,1,23,14,3.2,1.2,1.1,-1.0,0.014,0.066,0.163,0.347,0.128,2014-15
203128,Furkan Aldemir,1610612755,PHI,23.0,6-10,82.0,240,None,Turkey,2012,2,53,41,2.3,4.3,0.7,-8.2,0.126,0.189,0.083,0.517,0.079,2014-15
203539,Gal Mekel,1610612742,DAL,27.0,6-3,75.0,191,Wichita State,Israel,Undrafted,Undrafted,Undrafted,4,1.5,0.3,3.3,2.4,0.0,0.023,0.234,0.15,0.448,2014-15
202066,Garrett Temple,1610612764,WAS,29.0,6-6,78.0,195,Louisiana State,USA,Undrafted,Undrafted,Undrafted,52,3.9,1.7,1.1,-1.7,0.033,0.085,0.136,0.534,0.119,2014-15
203914,Gary Harris,1610612743,DEN,20.0,6-4,76.0,210,Michigan State,USA,2014,1,19,55,3.4,1.2,0.5,-10.7,0.026,0.061,0.16,0.395,0.061,2014-15
202390,Gary Neal,1610612750,MIN,30.0,6-4,76.0,210,Towson,USA,Undrafted,Undrafted,Undrafted,54,10.1,2.4,1.9,-6.0,0.011,0.095,0.231,0.483,0.152,2014-15
201588,George Hill,1610612754,IND,29.0,6-3,75.0,188,Indiana-Purdue Indianapolis,USA,2008,1,26,43,16.1,4.2,5.1,6.2,0.02,0.118,0.24,0.579,0.304,2014-15
101123,Gerald Green,1610612756,PHX,29.0,6-8,80.0,210,None,USA,2005,1,18,74,11.9,2.5,1.2,0.1,0.022,0.104,0.277,0.532,0.11,2014-15
201945,Gerald Henderson,1610612766,CHA,27.0,6-5,77.0,215,Duke,USA,2009,1,12,80,12.1,3.4,2.6,-0.4,0.015,0.101,0.207,0.514,0.152,2014-15
2222,Gerald Wallace,1610612738,BOS,32.0,6-7,79.0,220,Alabama,USA,2001,1,25,32,1.1,1.8,0.3,5.4,0.059,0.139,0.088,0.431,0.05,2014-15
203507,Giannis Antetokounmpo,1610612749,MIL,20.0,6-11,83.0,217,None,Greece,2013,1,15,81,12.7,6.7,2.6,0.6,0.041,0.177,0.193,0.552,0.133,2014-15
203540,Gigi Datome,1610612738,BOS,27.0,6-8,80.0,215,None,Italy,Undrafted,Undrafted,Undrafted,21,5.0,1.4,0.4,14.6,0.013,0.116,0.201,0.587,0.073,2014-15
201175,Glen Davis,1610612746,LAC,29.0,6-9,81.0,289,Louisiana State,USA,2007,2,35,74,4.0,2.3,0.5,-3.9,0.045,0.134,0.168,0.495,0.073,2014-15
203318,Glen Rice,1610612764,WAS,24.0,6-6,78.0,206,Georgia Tech,USA,2013,2,35,5,2.2,0.8,0.4,-29.9,0.044,0.054,0.19,0.312,0.083,2014-15
203922,Glenn Robinson III,1610612755,PHI,21.0,6-7,79.0,222,Michigan,USA,2014,2,40,35,2.1,1.1,0.3,6.3,0.054,0.092,0.143,0.471,0.064,2014-15
201609,Goran Dragic,1610612748,MIA,29.0,6-3,75.0,190,None,Slovenia,2008,2,45,78,16.3,3.5,4.5,-0.1,0.031,0.072,0.211,0.577,0.212,2014-15
202330,Gordon Hayward,1610612762,UTA,25.0,6-8,80.0,225,Butler,USA,2010,1,9,76,19.3,4.9,4.1,1.9,0.021,0.124,0.257,0.567,0.211,2014-15
203476,Gorgui Dieng,1610612750,MIN,25.0,6-11,83.0,233,Louisville,Senegal,2013,1,21,73,9.7,8.3,2.0,-8.4,0.101,0.186,0.149,0.573,0.105,2014-15
203511,Grant Jerrett,1610612762,UTA,21.0,6-10,82.0,232,Arizona,USA,2013,2,40,8,2.0,1.1,0.4,-17.3,0.032,0.152,0.234,0.303,0.091,2014-15
202328,Greg Monroe,1610612765,DET,25.0,6-11,83.0,250,Georgetown,USA,2010,1,7,69,15.9,10.2,2.1,-0.7,0.099,0.23,0.234,0.549,0.119,2014-15
202962,Greg Smith,1610612742,DAL,24.0,6-10,82.0,250,Fresno State,USA,Undrafted,Undrafted,Undrafted,42,1.9,1.9,0.2,-3.4,0.067,0.131,0.096,0.605,0.039,2014-15
201880,Greg Stiemsma,1610612761,TOR,29.0,6-11,83.0,260,Wisconsin,USA,Undrafted,Undrafted,Undrafted,17,0.8,0.9,0.2,-21.2,0.15,0.113,0.113,0.717,0.077,2014-15
202349,Greivis Vasquez,1610612761,TOR,28.0,6-6,78.0,200,Maryland,Venezuela,2010,1,28,82,9.5,2.6,3.7,1.6,0.011,0.099,0.196,0.514,0.247,2014-15
203084,Harrison Barnes,1610612744,GSW,23.0,6-8,80.0,225,North Carolina,USA,2012,1,7,82,10.1,5.5,1.4,11.6,0.051,0.133,0.147,0.573,0.068,2014-15
202355,Hassan Whiteside,1610612748,MIA,26.0,7-0,84.0,265,Marshall,USA,2010,2,33,48,11.8,10.0,0.1,-2.1,0.134,0.293,0.202,0.619,0.009,2014-15
2045,Hedo Turkoglu,1610612746,LAC,36.0,6-10,82.0,220,None,Turkey,2000,1,16,62,3.7,1.6,0.6,1.7,0.007,0.135,0.142,0.602,0.08,2014-15
203156,Henry Sims,1610612755,PHI,25.0,6-10,82.0,248,Georgetown,USA,Undrafted,Undrafted,Undrafted,73,8.0,4.9,1.1,-12.2,0.08,0.17,0.2,0.521,0.109,2014-15
201611,Henry Walker,1610612748,MIA,27.0,6-6,78.0,235,Kansas State,USA,2008,2,47,24,7.3,3.4,1.2,0.3,0.012,0.118,0.142,0.497,0.071,2014-15
203138,Hollis Thompson,1610612755,PHI,24.0,6-8,80.0,206,Georgetown,USA,Undrafted,Undrafted,Undrafted,71,8.8,2.8,1.2,-9.6,0.027,0.082,0.154,0.538,0.083,2014-15
203546,Ian Clark,1610612743,DEN,24.0,6-3,75.0,180,Belmont,USA,Undrafted,Undrafted,Undrafted,30,1.9,0.5,0.4,-9.0,0.02,0.065,0.152,0.483,0.097,2014-15
101133,Ian Mahinmi,1610612754,IND,28.0,6-11,83.0,250,None,France,2005,1,28,61,4.3,5.8,0.5,1.4,0.09,0.215,0.122,0.516,0.045,2014-15
202697,Iman Shumpert,1610612739,CLE,25.0,6-5,77.0,220,Georgia Tech,USA,2011,1,17,62,8.0,3.6,2.2,2.6,0.037,0.107,0.172,0.497,0.137,2014-15
203477,Isaiah Canaan,1610612755,PHI,24.0,6-0,72.0,201,Murray State,USA,2013,2,34,47,9.2,1.9,2.1,-3.7,0.017,0.073,0.211,0.534,0.189,2014-15
202738,Isaiah Thomas,1610612738,BOS,26.0,5-9,69.0,185,Washington,USA,2011,2,60,67,16.4,2.3,4.2,4.8,0.018,0.069,0.271,0.58,0.269,2014-15
202397,Ish Smith,1610612755,PHI,26.0,6-0,72.0,175,Wake Forest,USA,Undrafted,Undrafted,Undrafted,55,6.1,1.8,3.3,-6.2,0.016,0.1,0.236,0.431,0.388,2014-15
200826,J.J. Barea,1610612742,DAL,31.0,6-0,72.0,185,Northeastern,Puerto Rico,Undrafted,Undrafted,Undrafted,77,7.5,1.7,3.4,4.9,0.017,0.081,0.209,0.502,0.295,2014-15
201581,JJ Hickson,1610612743,DEN,26.0,6-9,81.0,242,North Carolina State,USA,2008,1,19,73,7.6,6.2,0.8,-7.6,0.099,0.205,0.197,0.504,0.069,2014-15
200755,JJ Redick,1610612746,LAC,31.0,6-4,76.0,190,Duke,USA,2006,1,11,78,16.4,2.1,1.8,12.3,0.009,0.059,0.201,0.622,0.085,2014-15
2747,JR Smith,1610612739,CLE,29.0,6-6,78.0,225,None,USA,2004,1,18,70,12.1,3.1,2.8,3.6,0.015,0.091,0.188,0.538,0.145,2014-15
203960,JaKarr Sampson,1610612755,PHI,22.0,6-9,81.0,214,St. John's (NY),USA,Undrafted,Undrafted,Undrafted,74,5.2,2.2,1.0,-12.2,0.028,0.112,0.173,0.498,0.121,2014-15
203210,JaMychal Green,1610612763,MEM,25.0,6-8,80.0,230,Alabama,USA,Undrafted,Undrafted,Undrafted,24,2.6,1.9,0.2,-5.9,0.11,0.167,0.168,0.603,0.04,2014-15
201580,JaVale McGee,1610612743,DEN,27.0,7-0,84.0,270,Nevada,USA,2008,1,18,23,4.6,2.7,0.1,-11.9,0.066,0.16,0.187,0.567,0.021,2014-15
203913,Jabari Brown,1610612747,LAL,22.0,6-5,77.0,214,Missouri,USA,2014,,,19,11.9,1.9,2.1,-10.8,0.005,0.062,0.183,0.547,0.113,2014-15
203953,Jabari Parker,1610612749,MIL,20.0,6-8,80.0,240,Duke,USA,2014,1,2,25,12.3,5.5,1.7,-6.8,0.069,0.121,0.202,0.527,0.095,2014-15
204022,Jack Cooley,1610612762,UTA,24.0,6-9,81.0,246,Notre Dame,USA,Undrafted,Undrafted,Undrafted,16,1.7,1.6,0.1,-4.1,0.1,0.183,0.156,0.432,0.019,2014-15
203109,Jae Crowder,1610612738,BOS,24.0,6-6,78.0,235,Marquette,USA,2012,2,34,82,7.7,3.6,1.1,2.8,0.041,0.132,0.169,0.517,0.087,2014-15
203479,Jamaal Franklin,1610612743,DEN,23.0,6-5,77.0,191,San Diego State,USA,2013,2,41,3,1.0,0.7,1.0,-28.1,0.059,0.0,0.132,0.75,0.273,2014-15
2037,Jamal Crawford,1610612746,LAC,35.0,6-5,77.0,200,Michigan,USA,2000,1,8,64,15.8,1.9,2.5,1.6,0.011,0.062,0.27,0.532,0.16,2014-15
2749,Jameer Nelson,1610612743,DEN,33.0,6-0,72.0,190,St. Joseph's (PA),USA,2004,1,20,63,8.3,2.3,4.0,-0.6,0.023,0.081,0.195,0.503,0.278,2014-15
203516,James Ennis III,1610612748,MIA,24.0,6-7,79.0,208,Cal State-Long Beach,USA,2013,2,50,62,5.0,2.8,0.8,-0.2,0.051,0.121,0.142,0.541,0.074,2014-15
201935,James Harden,1610612745,HOU,25.0,6-5,77.0,225,Arizona State,USA,2009,1,3,81,27.4,5.7,7.0,5.7,0.025,0.126,0.308,0.605,0.34,2014-15
201949,James Johnson,1610612761,TOR,28.0,6-9,81.0,250,Wake Forest,USA,2009,1,16,70,7.9,3.7,1.4,6.4,0.046,0.142,0.17,0.617,0.114,2014-15
2592,James Jones,1610612739,CLE,34.0,6-8,80.0,215,Miami,USA,2003,2,49,57,4.4,1.1,0.4,-8.9,0.013,0.084,0.153,0.565,0.059,2014-15
203949,James Michael McAdoo,1610612744,GSW,22.0,6-9,81.0,230,North Carolina,USA,Undrafted,Undrafted,Undrafted,15,4.1,2.5,0.1,6.0,0.107,0.149,0.185,0.564,0.02,2014-15
203923,James Young,1610612738,BOS,19.0,6-6,78.0,215,Kentucky,USA,2014,1,17,31,3.4,1.4,0.4,0.0,0.023,0.101,0.149,0.457,0.059,2014-15
2457,Jannero Pargo,1610612766,CHA,35.0,6-1,73.0,185,Arkansas,USA,Undrafted,Undrafted,Undrafted,9,4.6,0.3,0.9,-2.1,0.0,0.042,0.238,0.571,0.216,2014-15
203099,Jared Cunningham,1610612746,LAC,24.0,6-4,76.0,195,Oregon State,USA,2012,1,24,19,1.8,0.5,0.5,-0.1,0.011,0.091,0.225,0.452,0.204,2014-15
201162,Jared Dudley,1610612749,MIL,29.0,6-7,79.0,225,Boston College,USA,2007,1,22,72,7.2,3.1,1.8,3.2,0.027,0.1,0.135,0.572,0.115,2014-15
203096,Jared Sullinger,1610612738,BOS,23.0,6-9,81.0,260,Ohio State,USA,2012,1,21,58,13.3,7.6,2.3,-1.3,0.089,0.187,0.231,0.503,0.14,2014-15
203950,Jarnell Stokes,1610612763,MEM,21.0,6-9,81.0,263,Tennessee,USA,2014,2,35,19,3.0,1.8,0.2,7.9,0.12,0.137,0.188,0.578,0.053,2014-15
101127,Jarrett Jack,1610612751,BKN,31.0,6-3,75.0,200,Georgia Tech,USA,2005,1,22,80,12.0,3.1,4.7,-7.5,0.009,0.099,0.222,0.522,0.286,2014-15
101131,Jason Maxiell,1610612766,CHA,32.0,6-7,79.0,260,Cincinnati,USA,2005,1,26,61,3.3,3.3,0.3,-8.8,0.088,0.128,0.125,0.455,0.036,2014-15
2202,Jason Richardson,1610612755,PHI,34.0,6-6,78.0,225,Michigan State,USA,2001,1,5,19,9.1,3.5,2.0,-8.7,0.027,0.125,0.213,0.458,0.171,2014-15
201160,Jason Smith,1610612752,NYK,29.0,7-0,84.0,245,Colorado State,USA,2007,1,20,82,8.0,4.0,1.7,-12.8,0.054,0.133,0.193,0.497,0.134,2014-15
1891,Jason Terry,1610612745,HOU,37.0,6-2,74.0,185,Arizona,USA,1999,1,10,77,7.0,1.6,1.9,3.7,0.009,0.06,0.137,0.579,0.139,2014-15
201574,Jason Thompson,1610612758,SAC,28.0,6-11,83.0,250,Rider University,USA,2008,1,12,81,6.1,6.5,1.0,-4.4,0.072,0.195,0.128,0.5,0.063,2014-15
202399,Jeff Adrien,1610612745,HOU,29.0,,,,Connecticut,USA,Undrafted,Undrafted,Undrafted,17,3.5,4.5,0.9,-1.6,0.091,0.244,0.134,0.494,0.104,2014-15
201965,Jeff Ayres,1610612759,SAS,28.0,6-9,81.0,250,Arizona State,USA,2009,2,31,51,2.7,2.3,0.3,-8.3,0.095,0.219,0.153,0.618,0.061,2014-15
201145,Jeff Green,1610612763,MEM,28.0,6-9,81.0,235,Georgetown,USA,2007,1,5,78,15.0,4.2,1.7,-3.1,0.026,0.108,0.217,0.534,0.089,2014-15
201952,Jeff Teague,1610612737,ATL,27.0,6-2,74.0,181,Wake Forest,USA,2009,1,19,73,15.9,2.5,7.0,8.3,0.014,0.068,0.247,0.566,0.367,2014-15
203481,Jeff Withey,1610612740,NOP,25.0,7-0,84.0,222,Kansas,USA,2013,2,39,37,2.6,1.7,0.3,-7.1,0.089,0.173,0.171,0.57,0.07,2014-15
203106,Jeffery Taylor,1610612766,CHA,26.0,6-7,79.0,225,Vanderbilt,Sweden,2012,2,31,29,4.4,1.8,0.8,-15.4,0.03,0.09,0.161,0.481,0.093,2014-15
203924,Jerami Grant,1610612755,PHI,21.0,6-8,80.0,210,Syracuse,USA,2014,2,39,65,6.3,3.0,1.2,-5.2,0.033,0.104,0.162,0.47,0.095,2014-15
202077,Jerel McNeal,1610612756,PHX,28.0,6-3,75.0,200,Marquette,USA,Undrafted,Undrafted,Undrafted,6,1.5,0.5,0.3,-6.5,0.0,0.0,0.21,0.379,0.118,2014-15
202379,Jeremy Evans,1610612762,UTA,27.0,6-9,81.0,200,Western Kentucky,USA,2010,2,55,38,2.4,1.9,0.3,7.2,0.099,0.155,0.125,0.636,0.084,2014-15
203087,Jeremy Lamb,1610612760,OKC,23.0,6-5,77.0,185,Connecticut,USA,2012,1,12,47,6.3,2.3,0.9,-6.5,0.012,0.148,0.212,0.538,0.125,2014-15
202391,Jeremy Lin,1610612747,LAL,26.0,6-3,75.0,200,Harvard,USA,Undrafted,Undrafted,Undrafted,74,11.2,2.6,4.6,-6.6,0.013,0.09,0.215,0.539,0.279,2014-15
202366,Jerome Jordan,1610612751,BKN,28.0,7-0,84.0,253,Tulsa,Jamaica,2010,2,44,44,3.1,2.4,0.3,-9.6,0.128,0.136,0.153,0.609,0.06,2014-15
203968,Jerrelle Benimon,1610612743,DEN,23.0,,,,Towson,USA,Undrafted,Undrafted,Undrafted,2,0.0,1.5,0.0,100.0,0.0,0.0,0.143,0.0,0.0,2014-15
201573,Jerryd Bayless,1610612749,MIL,26.0,6-3,75.0,200,Arizona,USA,2008,1,11,77,7.8,2.7,3.0,0.0,0.013,0.109,0.185,0.519,0.221,2014-15
202690,Jimmer Fredette,1610612740,NOP,26.0,6-2,74.0,195,Brigham Young,USA,2011,1,10,50,3.6,0.8,1.2,4.4,0.015,0.061,0.182,0.479,0.171,2014-15
202710,Jimmy Butler III,1610612741,CHI,25.0,6-7,79.0,220,Marquette,USA,2011,1,30,65,20.0,5.8,3.3,4.6,0.045,0.099,0.213,0.583,0.142,2014-15
201149,Joakim Noah,1610612741,CHI,30.0,6-11,83.0,232,Florida,USA,2007,1,9,67,7.2,9.6,4.7,2.0,0.105,0.2,0.135,0.482,0.227,2014-15
201975,Jodie Meeks,1610612765,DET,27.0,6-4,76.0,210,Kentucky,USA,2009,2,41,60,11.1,1.7,1.3,-4.3,0.008,0.063,0.196,0.548,0.091,2014-15
203925,Joe Harris,1610612739,CLE,23.0,6-6,78.0,225,Virginia,USA,2014,2,33,51,2.7,0.8,0.5,-10.7,0.014,0.073,0.137,0.537,0.083,2014-15
204060,Joe Ingles,1610612762,UTA,27.0,6-8,80.0,216,None,Australia,Undrafted,Undrafted,Undrafted,79,5.0,2.2,2.3,-2.2,0.013,0.094,0.126,0.533,0.171,2014-15
2207,Joe Johnson,1610612751,BKN,34.0,6-7,79.0,240,Arkansas,USA,2001,1,10,80,14.4,4.8,3.7,-2.5,0.019,0.122,0.203,0.523,0.169,2014-15
201202,Joel Anthony,1610612765,DET,32.0,6-9,81.0,245,UNLV,Canada,Undrafted,Undrafted,Undrafted,49,1.8,1.9,0.1,1.9,0.074,0.142,0.091,0.607,0.019,2014-15
200777,Joel Freeland,1610612757,POR,28.0,6-10,82.0,225,None,United Kingdom,2006,1,30,48,3.5,4.0,0.3,6.4,0.101,0.193,0.131,0.522,0.039,2014-15
201595,Joey Dorsey,1610612745,HOU,31.0,6-9,81.0,275,Memphis,USA,2008,2,33,69,2.7,4.0,0.4,1.7,0.108,0.205,0.109,0.507,0.043,2014-15
203530,Joffrey Lauvergne,1610612743,DEN,23.0,6-11,83.0,220,None,France,2013,2,55,24,3.9,3.2,0.5,-19.1,0.082,0.198,0.185,0.459,0.09,2014-15
203089,John Henson,1610612749,MIL,24.0,6-11,83.0,230,North Carolina,USA,2012,1,14,67,7.0,4.7,0.9,-2.1,0.103,0.147,0.181,0.578,0.084,2014-15
203098,John Jenkins,1610612737,ATL,24.0,6-4,76.0,215,Vanderbilt,USA,2012,1,23,24,5.6,1.6,0.5,-3.5,0.006,0.115,0.169,0.629,0.081,2014-15
101249,John Lucas III,1610612765,DET,32.0,5-11,71.0,166,Oklahoma State,USA,Undrafted,Undrafted,Undrafted,21,4.7,0.8,2.9,-9.4,0.015,0.047,0.205,0.461,0.392,2014-15
2422,John Salmons,1610612740,NOP,35.0,6-6,78.0,210,Miami,USA,2002,1,26,21,2.0,1.0,0.6,-11.2,0.013,0.068,0.09,0.422,0.078,2014-15
202322,John Wall,1610612764,WAS,24.0,6-4,76.0,195,Kentucky,USA,2010,1,1,79,17.6,4.6,10.0,4.8,0.013,0.111,0.253,0.523,0.446,2014-15
203948,Johnny O'Bryant III,1610612749,MIL,22.0,6-9,81.0,265,Louisiana State,USA,2014,2,36,34,2.9,1.9,0.5,-12.8,0.07,0.108,0.188,0.379,0.076,2014-15
202720,Jon Leuer,1610612763,MEM,26.0,6-10,82.0,228,Wisconsin,USA,2011,2,40,63,4.5,3.3,0.7,-1.1,0.06,0.188,0.181,0.478,0.091,2014-15
201973,Jonas Jerebko,1610612738,BOS,28.0,6-10,82.0,231,None,Sweden,2009,2,39,75,6.0,3.8,0.9,6.0,0.071,0.156,0.16,0.549,0.091,2014-15
202685,Jonas Valančiūnas,1610612761,TOR,23.0,7-0,84.0,255,None,Lithuania,2011,1,5,80,12.0,8.7,0.5,-0.7,0.106,0.229,0.192,0.623,0.031,2014-15
203919,Jordan Adams,1610612763,MEM,20.0,6-5,77.0,209,UCLA,USA,2014,1,22,30,3.1,0.9,0.5,3.6,0.035,0.075,0.186,0.489,0.101,2014-15
203903,Jordan Clarkson,1610612747,LAL,23.0,6-5,77.0,185,Missouri,USA,2014,2,46,59,11.9,3.2,3.5,-8.3,0.036,0.097,0.23,0.528,0.243,2014-15
200770,Jordan Farmar,1610612746,LAC,28.0,6-2,74.0,180,UCLA,USA,2006,1,26,36,4.6,1.2,1.9,-4.0,0.015,0.065,0.166,0.513,0.213,2014-15
202706,Jordan Hamilton,1610612746,LAC,24.0,6-7,79.0,220,Texas,USA,2011,1,26,14,2.7,1.1,0.5,-9.8,0.017,0.108,0.141,0.543,0.09,2014-15
201941,Jordan Hill,1610612747,LAL,27.0,6-10,82.0,235,Arizona,USA,2009,1,8,70,12.0,7.9,1.5,-10.7,0.086,0.208,0.222,0.494,0.096,2014-15
203268,Jorge Gutierrez,1610612749,MIL,26.0,6-3,75.0,195,California,Mexico,Undrafted,Undrafted,Undrafted,20,2.7,1.3,1.1,-7.1,0.028,0.106,0.146,0.567,0.212,2014-15
101181,Jose Calderon,1610612752,NYK,33.0,6-3,75.0,200,None,Spain,Undrafted,Undrafted,Undrafted,42,9.1,3.0,4.7,-13.6,0.015,0.089,0.158,0.519,0.251,2014-15
201177,Josh McRoberts,1610612748,MIA,28.0,6-10,82.0,240,Duke,USA,2007,2,37,17,4.2,2.6,1.9,6.1,0.027,0.14,0.129,0.613,0.168,2014-15
2746,Josh Smith,1610612745,HOU,29.0,6-9,81.0,225,None,USA,2004,1,17,83,12.4,6.4,3.3,0.7,0.061,0.155,0.242,0.467,0.207,2014-15
201950,Jrue Holiday,1610612740,NOP,25.0,6-4,76.0,205,UCLA,USA,2009,1,17,40,14.8,3.4,6.9,4.0,0.025,0.081,0.224,0.522,0.322,2014-15
203944,Julius Randle,1610612747,LAL,20.0,6-9,81.0,250,Kentucky,USA,2014,1,7,1,2.0,0.0,0.0,-66.9,0.0,0.0,0.172,0.258,0.0,2014-15
203120,Justin Hamilton,1610612750,MIN,25.0,7-0,84.0,255,Louisiana State,USA,2012,2,45,41,5.3,3.3,0.9,-13.0,0.083,0.114,0.144,0.551,0.09,2014-15
203200,Justin Holiday,1610612744,GSW,26.0,6-6,78.0,185,Washington,USA,Undrafted,Undrafted,Undrafted,59,4.3,1.2,0.8,-0.4,0.017,0.081,0.182,0.498,0.114,2014-15
203994,Jusuf Nurkić,1610612743,DEN,20.0,6-11,83.0,280,None,Bosnia and Herzegovina,2014,1,16,62,6.9,6.2,0.8,0.5,0.102,0.225,0.203,0.483,0.072,2014-15
203909,KJ McDaniels,1610612745,HOU,22.0,6-6,78.0,205,Clemson,USA,2014,2,32,62,7.9,3.2,1.2,-8.7,0.043,0.098,0.188,0.494,0.095,2014-15
203564,Kalin Lucas,1610612763,MEM,26.0,6-1,73.0,186,Michigan State,USA,Undrafted,Undrafted,Undrafted,1,0.0,0.0,0.0,-58.3,0.0,0.0,0.053,0.0,0.0,2014-15
202695,Kawhi Leonard,1610612759,SAS,24.0,6-7,79.0,230,San Diego State,USA,2011,1,15,64,16.5,7.2,2.5,11.4,0.044,0.181,0.227,0.567,0.124,2014-15
203482,Kelly Olynyk,1610612738,BOS,24.0,7-0,84.0,238,Gonzaga,Canada,2013,1,13,64,10.3,4.7,1.7,6.6,0.061,0.146,0.206,0.558,0.115,2014-15
202689,Kemba Walker,1610612766,CHA,25.0,6-1,73.0,184,Connecticut,USA,2011,1,9,62,17.3,3.5,5.1,-4.7,0.015,0.088,0.254,0.486,0.272,2014-15
203088,Kendall Marshall,1610612749,MIL,23.0,6-4,76.0,200,North Carolina,USA,2012,1,13,28,4.2,1.0,3.1,6.7,0.006,0.063,0.155,0.562,0.301,2014-15
2570,Kendrick Perkins,1610612739,CLE,30.0,6-10,82.0,270,None,USA,2003,1,27,68,3.6,4.7,0.8,0.9,0.077,0.19,0.136,0.467,0.065,2014-15
202702,Kenneth Faried,1610612743,DEN,25.0,6-8,80.0,228,Morehead State,USA,2011,1,22,75,12.6,8.9,1.2,-0.6,0.108,0.209,0.199,0.548,0.067,2014-15
203145,Kent Bazemore,1610612737,ATL,25.0,6-5,77.0,201,Old Dominion,USA,Undrafted,Undrafted,Undrafted,75,5.2,3.0,1.0,-2.4,0.016,0.145,0.151,0.52,0.093,2014-15
203484,Kentavious Caldwell-Pope,1610612765,DET,22.0,6-5,77.0,205,Georgia,USA,2013,1,8,82,12.7,3.1,1.3,1.4,0.016,0.082,0.19,0.501,0.065,2014-15
2030,Kenyon Martin,1610612749,MIL,37.0,6-9,81.0,225,Cincinnati,USA,2000,1,1,11,1.8,1.7,0.5,-4.6,0.061,0.0,0.11,0.437,0.068,2014-15
201142,Kevin Durant,1610612760,OKC,26.0,6-9,81.0,240,Texas,USA,2007,1,2,27,25.4,6.6,4.1,8.5,0.017,0.163,0.28,0.633,0.213,2014-15
708,Kevin Garnett,1610612750,MIN,39.0,6-11,83.0,253,None,USA,1995,1,5,47,6.9,6.6,1.6,-0.6,0.054,0.289,0.179,0.496,0.131,2014-15
201567,Kevin Love,1610612739,CLE,26.0,6-10,82.0,243,UCLA,USA,2008,1,5,75,16.4,9.7,2.2,7.5,0.058,0.235,0.214,0.562,0.104,2014-15
2755,Kevin Martin,1610612750,MIN,32.0,6-7,79.0,204,Western Carolina,USA,2004,1,26,39,20.0,3.6,2.3,-10.1,0.014,0.097,0.262,0.549,0.123,2014-15
202338,Kevin Seraphin,1610612764,WAS,25.0,6-10,82.0,278,None,France,2010,1,17,79,6.6,3.6,0.7,-5.7,0.074,0.159,0.216,0.535,0.085,2014-15
203114,Khris Middleton,1610612749,MIL,23.0,6-7,79.0,225,Texas A&M,USA,2012,2,39,79,13.4,4.4,2.3,7.2,0.021,0.123,0.194,0.563,0.123,2014-15
2550,Kirk Hinrich,1610612741,CHI,34.0,6-4,76.0,190,Kansas,USA,2003,1,7,66,5.7,1.8,2.2,1.4,0.012,0.058,0.129,0.468,0.143,2014-15
202691,Klay Thompson,1610612744,GSW,25.0,6-7,79.0,215,Washington State,USA,2011,1,11,77,21.7,3.2,2.9,15.2,0.011,0.082,0.272,0.591,0.137,2014-15
977,Kobe Bryant,1610612747,LAL,36.0,6-6,78.0,212,None,USA,1996,1,13,35,22.3,5.7,5.6,-11.9,0.02,0.147,0.337,0.477,0.3,2014-15
201585,Kosta Koufos,1610612763,MEM,26.0,7-0,84.0,265,Ohio State,USA,2008,1,23,81,5.2,5.3,0.5,4.3,0.087,0.219,0.154,0.53,0.044,2014-15
203123,Kostas Papanikolaou,1610612745,HOU,24.0,6-8,80.0,235,None,Greece,2012,2,48,43,4.2,2.7,2.0,-3.0,0.047,0.098,0.14,0.444,0.166,2014-15
2743,Kris Humphries,1610612764,WAS,30.0,6-9,81.0,235,Minnesota,USA,2004,1,14,64,8.0,6.5,0.9,-2.5,0.089,0.216,0.181,0.512,0.068,2014-15
203937,Kyle Anderson,1610612759,SAS,21.0,6-9,81.0,230,UCLA,USA,2014,1,30,33,2.2,2.2,0.8,-5.3,0.015,0.189,0.13,0.389,0.116,2014-15
2594,Kyle Korver,1610612737,ATL,34.0,6-7,79.0,212,Creighton,USA,2003,2,51,75,12.1,4.1,2.6,12.3,0.007,0.117,0.139,0.699,0.111,2014-15
200768,Kyle Lowry,1610612761,TOR,29.0,6-0,72.0,205,Villanova,USA,2006,1,24,70,17.8,4.7,6.8,4.1,0.022,0.115,0.246,0.527,0.312,2014-15
203124,Kyle O'Quinn,1610612753,ORL,25.0,6-10,82.0,250,Norfolk State,USA,2012,2,49,51,5.8,3.9,1.2,-6.7,0.059,0.184,0.179,0.55,0.119,2014-15
202713,Kyle Singler,1610612760,OKC,27.0,6-8,80.0,228,Duke,USA,2011,2,33,80,6.0,2.4,1.1,-2.0,0.017,0.091,0.129,0.512,0.071,2014-15
202681,Kyrie Irving,1610612739,CLE,23.0,6-3,75.0,193,Duke,Australia,2011,1,1,75,21.7,3.2,5.2,7.7,0.021,0.067,0.255,0.583,0.236,2014-15
200746,LaMarcus Aldridge,1610612757,POR,29.0,6-11,83.0,240,University of Texas at Austin,USA,2006,1,2,71,23.4,10.2,1.7,6.6,0.069,0.209,0.297,0.528,0.089,2014-15
202362,Lance Stephenson,1610612766,CHA,24.0,6-5,77.0,230,Cincinnati,USA,2010,2,40,61,8.2,4.5,3.9,-6.9,0.023,0.151,0.206,0.419,0.259,2014-15
202498,Lance Thomas,1610612752,NYK,27.0,6-8,80.0,225,Duke,USA,Undrafted,Undrafted,Undrafted,62,7.1,3.1,1.1,-11.1,0.043,0.089,0.169,0.456,0.079,2014-15
202361,Landry Fields,1610612761,TOR,27.0,6-7,79.0,215,Stanford,USA,2010,2,39,26,1.8,1.0,0.6,-19.5,0.046,0.078,0.105,0.527,0.112,2014-15
204038,Langston Galloway,1610612752,NYK,23.0,6-2,74.0,200,St. Joseph's (PA),USA,Undrafted,Undrafted,Undrafted,45,11.8,4.2,3.3,-9.4,0.024,0.108,0.187,0.489,0.175,2014-15
203580,Larry Drew II,1610612755,PHI,25.0,6-2,74.0,180,UCLA,USA,Undrafted,Undrafted,Undrafted,12,3.8,1.3,3.8,-17.1,0.004,0.069,0.168,0.388,0.381,2014-15
202336,Larry Sanders,1610612749,MIL,26.0,6-11,83.0,230,Va Commonwealth,USA,2010,1,15,27,7.3,6.1,0.9,-5.0,0.113,0.163,0.166,0.507,0.065,2014-15
202730,Lavoy Allen,1610612754,IND,26.0,6-9,81.0,255,Temple,USA,2011,2,50,63,5.0,5.1,1.2,4.1,0.108,0.187,0.147,0.493,0.107,2014-15
2544,LeBron James,1610612739,CLE,30.0,6-8,80.0,250,None,USA,2003,1,1,69,25.3,6.0,7.4,10.9,0.022,0.147,0.318,0.577,0.366,2014-15
2571,Leandro Barbosa,1610612744,GSW,32.0,6-3,75.0,194,None,Brazil,2003,1,28,66,7.1,1.4,1.5,0.6,0.023,0.066,0.2,0.558,0.162,2014-15
201991,Lester Hudson,1610612746,LAC,30.0,6-3,75.0,190,Tennessee-Martin,USA,2009,2,58,5,3.6,1.6,1.0,-8.2,0.019,0.121,0.157,0.571,0.172,2014-15
203485,Lorenzo Brown,1610612750,MIN,24.0,6-5,77.0,189,North Carolina State,USA,2013,2,52,29,4.2,2.4,3.1,-7.2,0.028,0.111,0.133,0.468,0.257,2014-15
200811,Lou Amundson,1610612752,NYK,32.0,6-9,81.0,225,UNLV,USA,Undrafted,Undrafted,Undrafted,53,4.9,5.1,1.3,-7.0,0.098,0.188,0.173,0.442,0.118,2014-15
101150,Lou Williams,1610612761,TOR,28.0,6-1,73.0,175,None,USA,2005,2,45,80,15.5,1.9,2.1,6.6,0.012,0.064,0.257,0.564,0.136,2014-15
201601,Luc Mbah a Moute,1610612755,PHI,28.0,6-8,80.0,230,UCLA,Cameroon,2008,2,37,67,9.9,4.9,1.6,-9.5,0.039,0.128,0.185,0.466,0.101,2014-15
203512,Lucas Nogueira,1610612761,TOR,22.0,7-0,84.0,220,None,Brazil,2013,1,16,6,1.0,1.8,0.2,-26.0,0.063,0.0,0.188,0.307,0.071,2014-15
2449,Luis Scola,1610612754,IND,35.0,6-9,81.0,240,None,Argentina,2002,2,55,81,9.4,6.5,1.3,0.9,0.081,0.232,0.221,0.515,0.11,2014-15
202337,Luke Babbitt,1610612740,NOP,26.0,6-9,81.0,225,Nevada,USA,2010,1,16,63,4.1,1.8,0.4,-6.2,0.015,0.117,0.122,0.639,0.044,2014-15
2557,Luke Ridnour,1610612753,ORL,34.0,6-2,74.0,175,Oregon,USA,2003,1,14,47,4.0,1.4,2.0,-10.3,0.012,0.088,0.145,0.507,0.22,2014-15
2736,Luol Deng,1610612748,MIA,30.0,6-9,81.0,220,Duke,United Kingdom,2004,1,7,72,14.0,5.2,1.9,-0.7,0.046,0.115,0.192,0.561,0.094,2014-15
202723,Malcolm Lee,1610612755,PHI,25.0,6-5,77.0,200,UCLA,USA,2011,2,43,1,0.0,0.0,0.0,60.0,0.0,0.0,0.167,0.0,0.0,2014-15
202952,Malcolm Thomas,1610612755,PHI,26.0,6-9,81.0,225,San Diego State,USA,Undrafted,Undrafted,Undrafted,17,2.6,3.3,0.4,-25.5,0.075,0.211,0.126,0.492,0.065,2014-15
1938,Manu Ginobili,1610612759,SAS,37.0,6-6,78.0,205,None,Argentina,1999,2,57,70,10.5,3.0,4.2,9.8,0.018,0.113,0.231,0.544,0.29,2014-15
201188,Marc Gasol,1610612763,MEM,30.0,7-1,85.0,265,None,Spain,2007,2,48,81,17.4,7.8,3.8,3.9,0.046,0.199,0.245,0.558,0.193,2014-15
101162,Marcin Gortat,1610612764,WAS,31.0,6-11,83.0,240,None,Poland,2005,2,57,82,12.2,8.7,1.2,5.1,0.076,0.209,0.173,0.587,0.062,2014-15
201158,Marco Belinelli,1610612759,SAS,29.0,6-5,77.0,210,None,Italy,2007,1,18,62,9.2,2.5,1.5,0.5,0.02,0.095,0.186,0.553,0.105,2014-15
202694,Marcus Morris Sr.,1610612756,PHX,25.0,6-9,81.0,235,Kansas,USA,2011,1,14,81,10.4,4.8,1.6,-1.3,0.035,0.151,0.188,0.52,0.1,2014-15
203935,Marcus Smart,1610612738,BOS,21.0,6-4,76.0,220,Oklahoma State,USA,2014,1,6,67,7.8,3.3,3.1,3.4,0.032,0.089,0.149,0.491,0.161,2014-15
201977,Marcus Thornton,1610612756,PHX,28.0,6-4,76.0,205,Louisiana State,USA,2009,2,43,48,7.9,1.8,0.8,-1.6,0.029,0.087,0.228,0.514,0.087,2014-15
201596,Mario Chalmers,1610612748,MIA,29.0,6-2,74.0,190,Kansas,USA,2008,2,34,80,10.2,2.6,3.8,-3.6,0.011,0.08,0.183,0.521,0.216,2014-15
203900,Markel Brown,1610612751,BKN,23.0,6-3,75.0,190,Oklahoma State,USA,2014,2,44,47,4.6,2.3,0.8,-1.5,0.02,0.12,0.147,0.459,0.07,2014-15
202693,Markieff Morris,1610612756,PHX,25.0,6-10,82.0,245,Kansas,USA,2011,1,13,82,15.3,6.2,2.3,2.0,0.043,0.149,0.232,0.523,0.12,2014-15
201578,Marreese Speights,1610612744,GSW,27.0,6-10,82.0,255,Florida,USA,2008,1,16,76,10.4,4.3,0.9,7.4,0.091,0.168,0.281,0.546,0.098,2014-15
101110,Martell Webster,1610612764,WAS,28.0,6-7,79.0,230,None,USA,2005,1,6,32,3.3,1.4,0.5,-19.7,0.028,0.099,0.174,0.445,0.081,2014-15
101107,Marvin Williams,1610612766,CHA,29.0,6-9,81.0,237,North Carolina,USA,2005,1,2,78,7.4,4.9,1.3,-4.5,0.027,0.161,0.131,0.541,0.078,2014-15
203486,Mason Plumlee,1610612751,BKN,25.0,6-11,83.0,235,Duke,USA,2013,1,22,82,8.7,6.2,0.9,-4.6,0.103,0.198,0.192,0.57,0.069,2014-15
2440,Matt Barnes,1610612746,LAC,35.0,6-7,79.0,226,UCLA,USA,2002,2,45,76,10.1,4.0,1.5,11.9,0.023,0.108,0.145,0.574,0.067,2014-15
2588,Matt Bonner,1610612759,SAS,35.0,6-10,82.0,235,Florida,USA,2003,2,45,72,3.7,1.6,0.7,1.5,0.031,0.093,0.123,0.536,0.074,2014-15
203521,Matthew Dellavedova,1610612739,CLE,24.0,6-4,76.0,200,Saint Mary's,Australia,Undrafted,Undrafted,Undrafted,67,4.8,1.9,3.0,1.7,0.026,0.066,0.125,0.493,0.228,2014-15
203090,Maurice Harkless,1610612753,ORL,22.0,6-9,81.0,215,"St. John's, N.Y.",USA,2012,1,15,45,3.5,2.4,0.6,-6.5,0.055,0.104,0.13,0.449,0.056,2014-15
203086,Meyers Leonard,1610612757,POR,23.0,7-1,85.0,245,Illinois,USA,2012,1,11,55,5.9,4.5,0.6,0.6,0.055,0.22,0.157,0.631,0.063,2014-15
201563,Michael Beasley,1610612748,MIA,26.0,6-10,82.0,235,Kansas State,USA,2008,1,2,24,8.8,3.7,1.3,1.0,0.025,0.148,0.236,0.474,0.113,2014-15
203487,Michael Carter-Williams,1610612749,MIL,23.0,6-6,78.0,190,Syracuse,USA,2013,1,11,66,14.6,5.3,6.7,-3.7,0.029,0.134,0.264,0.461,0.374,2014-15
203077,Michael Kidd-Gilchrist,1610612766,CHA,21.0,6-7,79.0,232,Kentucky,USA,2012,1,2,55,10.9,7.6,1.4,3.1,0.066,0.191,0.179,0.519,0.078,2014-15
201144,Mike Conley,1610612763,MEM,27.0,6-1,73.0,175,Ohio State,USA,2007,1,4,70,15.8,3.0,5.4,4.9,0.014,0.084,0.233,0.558,0.278,2014-15
2399,Mike Dunleavy,1610612741,CHI,34.0,6-9,81.0,230,Duke,USA,2002,1,3,63,9.4,3.9,1.8,5.4,0.015,0.112,0.14,0.573,0.094,2014-15
2034,Mike Miller,1610612739,CLE,35.0,6-8,80.0,218,Florida,USA,2000,1,5,52,2.1,1.8,0.9,-5.0,0.006,0.123,0.089,0.471,0.101,2014-15
203488,Mike Muscala,1610612737,ATL,23.0,6-11,83.0,230,Bucknell,USA,2013,2,44,40,4.9,3.0,0.6,4.8,0.106,0.129,0.16,0.608,0.08,2014-15
203118,Mike Scott,1610612737,ATL,26.0,6-8,80.0,237,Virginia,USA,2012,2,43,68,7.8,2.9,1.1,1.0,0.042,0.133,0.213,0.543,0.115,2014-15
203101,Miles Plumlee,1610612749,MIL,26.0,6-11,83.0,255,Duke,USA,2012,1,26,73,4.0,4.4,0.5,0.6,0.096,0.177,0.12,0.536,0.041,2014-15
203545,Miroslav Raduljica,1610612750,MIN,27.0,7-0,84.0,250,None,Serbia,Undrafted,Undrafted,Undrafted,5,1.6,1.0,0.0,0.3,0.087,0.167,0.216,0.45,0.0,2014-15
203141,Mirza Teletovic,1610612751,BKN,29.0,6-9,81.0,242,None,Bosnia and Herzegovina,Undrafted,Undrafted,Undrafted,40,8.5,4.9,1.2,-1.2,0.03,0.175,0.197,0.5,0.087,2014-15
203956,Mitch McGary,1610612760,OKC,23.0,6-10,82.0,255,Michigan,USA,2014,1,21,32,6.3,5.2,0.4,5.6,0.105,0.218,0.18,0.55,0.043,2014-15
2590,Mo Williams,1610612766,CHA,32.0,6-1,73.0,198,Alabama,USA,2003,2,47,68,14.2,2.6,6.2,-3.1,0.011,0.078,0.243,0.512,0.358,2014-15
101145,Monta Ellis,1610612742,DAL,29.0,6-3,75.0,185,None,USA,2005,2,40,80,18.9,2.4,4.1,3.9,0.013,0.056,0.273,0.509,0.2,2014-15
101126,Nate Robinson,1610612743,DEN,31.0,5-9,69.0,180,Washington,USA,2005,1,21,42,5.7,1.2,2.3,-10.1,0.027,0.052,0.225,0.432,0.303,2014-15
203489,Nate Wolters,1610612749,MIL,24.0,6-4,76.0,190,South Dakota State,USA,2013,2,38,21,2.0,1.6,1.0,-0.7,0.032,0.101,0.131,0.352,0.127,2014-15
1737,Nazr Mohammed,1610612741,CHI,37.0,6-10,82.0,250,Kentucky,USA,1998,1,29,23,1.2,1.7,0.1,4.3,0.087,0.209,0.131,0.431,0.038,2014-15
2403,Nene,1610612764,WAS,32.0,6-11,83.0,250,None,Brazil,2002,1,7,67,11.0,5.1,1.8,4.7,0.053,0.153,0.215,0.534,0.117,2014-15
203457,Nerlens Noel,1610612755,PHI,21.0,6-11,83.0,228,Kentucky,USA,2013,1,6,75,9.9,8.1,1.7,-9.1,0.074,0.184,0.17,0.493,0.099,2014-15
201979,Nick Calathes,1610612763,MEM,26.0,6-6,78.0,213,Florida,USA,2009,2,45,58,4.2,1.8,2.5,6.4,0.022,0.101,0.171,0.455,0.274,2014-15
2555,Nick Collison,1610612760,OKC,34.0,6-10,82.0,255,Kansas,USA,2003,1,12,66,4.1,3.8,1.4,3.7,0.076,0.14,0.126,0.485,0.12,2014-15
203910,Nick Johnson,1610612745,HOU,22.0,6-3,75.0,202,Arizona,USA,2014,2,42,28,2.6,1.4,0.4,-8.1,0.045,0.089,0.167,0.43,0.069,2014-15
201156,Nick Young,1610612747,LAL,30.0,6-7,79.0,210,Southern California,USA,2007,1,16,42,13.4,2.3,1.0,-3.5,0.016,0.077,0.248,0.52,0.071,2014-15
201587,Nicolas Batum,1610612757,POR,26.0,6-8,80.0,200,None,France,2008,1,25,71,9.4,5.9,4.8,4.5,0.026,0.141,0.143,0.516,0.2,2014-15
203917,Nik Stauskas,1610612758,SAC,21.0,6-6,78.0,205,Michigan,Canada,2014,1,8,73,4.4,1.2,0.9,-5.9,0.01,0.066,0.138,0.492,0.092,2014-15
202703,Nikola Mirotic,1610612741,CHI,24.0,6-10,82.0,220,None,Montenegro,2011,1,23,82,10.2,4.9,1.2,5.0,0.039,0.193,0.225,0.556,0.102,2014-15
201593,Nikola Pekovic,1610612750,MIN,29.0,6-11,83.0,295,None,Montenegro,2008,2,31,31,12.5,7.5,0.9,-4.4,0.104,0.181,0.224,0.502,0.057,2014-15
202696,Nikola Vučević,1610612753,ORL,24.0,7-0,84.0,260,Southern California,Montenegro,2011,1,16,74,19.3,10.9,2.0,-6.1,0.095,0.236,0.254,0.548,0.106,2014-15
203943,Noah Vonleh,1610612766,CHA,19.0,6-10,82.0,240,Indiana,USA,2014,1,9,25,3.3,3.4,0.2,-13.3,0.092,0.227,0.167,0.475,0.029,2014-15
202708,Norris Cole,1610612740,NOP,26.0,6-2,74.0,175,Cleveland State,USA,2011,1,28,75,7.6,2.1,3.4,-5.3,0.008,0.08,0.179,0.483,0.229,2014-15
201564,O.J. Mayo,1610612749,MIL,27.0,6-5,77.0,210,Southern California,USA,2008,1,3,71,11.4,2.6,2.8,-1.5,0.019,0.089,0.232,0.529,0.194,2014-15
203136,Ognjen Kuzmic,1610612744,GSW,25.0,7-0,84.0,260,None,Serbia,2012,2,52,16,1.3,1.1,0.4,-28.6,0.109,0.115,0.109,0.727,0.154,2014-15
201600,Omer Asik,1610612740,NOP,28.0,7-0,84.0,255,None,Turkey,2008,2,36,76,7.3,9.8,0.9,1.0,0.123,0.26,0.138,0.545,0.054,2014-15
201956,Omri Casspi,1610612758,SAC,27.0,6-9,81.0,225,None,Israel,2009,1,23,67,8.9,3.9,1.5,-6.0,0.04,0.14,0.182,0.58,0.121,2014-15
203490,Otto Porter Jr.,1610612764,WAS,22.0,6-8,80.0,198,Georgetown,USA,2013,1,3,74,6.0,3.0,0.9,-0.9,0.051,0.103,0.147,0.523,0.068,2014-15
200782,P.J. Tucker,1610612756,PHX,30.0,6-6,78.0,224,Texas,USA,2006,2,35,78,9.1,6.4,1.6,-1.2,0.046,0.157,0.138,0.541,0.076,2014-15
203798,PJ Hairston,1610612766,CHA,22.0,6-6,78.0,230,North Carolina,USA,2014,1,26,45,5.6,2.0,0.5,-8.1,0.028,0.101,0.19,0.446,0.051,2014-15
203143,Pablo Prigioni,1610612745,HOU,38.0,6-3,75.0,185,None,Argentina,Undrafted,Undrafted,Undrafted,67,4.1,1.8,2.6,-3.3,0.025,0.076,0.113,0.557,0.213,2014-15
201976,Patrick Beverley,1610612745,HOU,26.0,6-1,73.0,210,Arkansas,USA,2009,2,42,56,10.1,4.2,3.4,2.7,0.038,0.099,0.161,0.509,0.171,2014-15
203565,Patrick Christopher,1610612763,MEM,27.0,,,,California,USA,Undrafted,Undrafted,Undrafted,4,1.5,1.5,0.0,-27.8,0.071,0.154,0.203,0.25,0.0,2014-15
202335,Patrick Patterson,1610612761,TOR,26.0,6-9,81.0,235,Kentucky,USA,2010,1,14,81,8.0,5.3,1.9,5.6,0.057,0.145,0.127,0.568,0.108,2014-15
201988,Patty Mills,1610612759,SAS,26.0,6-0,72.0,185,St. Mary's,Australia,2009,2,55,51,6.9,1.5,1.7,9.9,0.025,0.064,0.208,0.496,0.172,2014-15
2200,Pau Gasol,1610612741,CHI,34.0,7-0,84.0,250,None,Spain,2001,1,3,78,18.5,11.8,2.7,3.2,0.08,0.237,0.242,0.55,0.142,2014-15
202331,Paul George,1610612754,IND,25.0,6-9,81.0,220,Fresno State,USA,2010,1,10,6,8.8,3.7,1.0,9.5,0.045,0.173,0.319,0.492,0.122,2014-15
200794,Paul Millsap,1610612737,ATL,30.0,6-8,80.0,253,Louisiana Tech,USA,2006,2,47,73,16.7,7.8,3.1,8.3,0.062,0.181,0.233,0.565,0.149,2014-15
1718,Paul Pierce,1610612764,WAS,37.0,6-7,79.0,235,Kansas,USA,1998,1,10,73,11.9,4.0,2.0,4.4,0.024,0.128,0.195,0.58,0.115,2014-15
203544,Pero Antic,1610612737,ATL,32.0,6-11,83.0,260,None,Macedonia,Undrafted,Undrafted,Undrafted,63,5.7,3.0,0.8,7.9,0.056,0.127,0.167,0.508,0.072,2014-15
203103,Perry Jones III,1610612760,OKC,23.0,6-11,83.0,235,Baylor,USA,2012,1,28,43,4.3,1.8,0.4,-10.2,0.009,0.105,0.152,0.459,0.046,2014-15
203515,Phil Pressey,1610612738,BOS,24.0,5-11,71.0,175,Missouri,USA,Undrafted,Undrafted,Undrafted,50,3.5,1.6,2.3,0.9,0.02,0.104,0.171,0.453,0.3,2014-15
203112,Quincy Acy,1610612752,NYK,24.0,6-7,79.0,240,Baylor,USA,2012,2,37,68,5.9,4.4,1.0,-7.3,0.059,0.176,0.151,0.533,0.091,2014-15
203113,Quincy Miller,1610612765,DET,22.0,6-9,81.0,210,Baylor,USA,2012,2,38,10,2.9,2.0,0.8,17.4,0.03,0.116,0.162,0.338,0.092,2014-15
202347,Quincy Pondexter,1610612740,NOP,27.0,6-7,79.0,220,Washington,USA,2010,1,26,75,7.2,2.6,1.3,0.3,0.03,0.079,0.135,0.55,0.08,2014-15
200765,Rajon Rondo,1610612742,DAL,29.0,6-1,73.0,186,Kentucky,USA,2006,1,21,68,8.9,5.5,7.9,-0.9,0.036,0.145,0.191,0.448,0.393,2014-15
201196,Ramon Sessions,1610612764,WAS,29.0,6-3,75.0,190,Nevada-Reno,USA,2007,2,56,64,6.3,2.3,2.8,-6.9,0.02,0.095,0.187,0.49,0.258,2014-15
200751,Randy Foye,1610612743,DEN,31.0,6-4,76.0,213,Villanova,USA,2006,1,7,50,8.7,1.7,2.4,-4.5,0.008,0.071,0.19,0.51,0.176,2014-15
2446,Rasual Butler,1610612764,WAS,36.0,6-7,79.0,215,La Salle,USA,2002,2,52,75,7.7,2.6,0.8,-1.9,0.018,0.105,0.173,0.531,0.067,2014-15
203492,Ray McCallum,1610612758,SAC,24.0,6-3,75.0,190,Detroit,USA,2013,2,36,68,7.4,2.6,2.8,-8.1,0.035,0.089,0.175,0.496,0.21,2014-15
101109,Raymond Felton,1610612742,DAL,31.0,6-1,73.0,205,North Carolina,USA,2005,1,5,29,3.7,0.9,1.4,-4.3,0.007,0.08,0.199,0.48,0.237,2014-15
203493,Reggie Bullock Jr.,1610612756,PHX,24.0,6-7,79.0,205,North Carolina,USA,2013,1,25,36,1.9,1.4,0.2,0.4,0.003,0.14,0.111,0.466,0.038,2014-15
2501,Reggie Evans,1610612758,SAC,35.0,6-8,80.0,245,Iowa,USA,Undrafted,Undrafted,Undrafted,47,3.7,6.4,0.7,-3.5,0.124,0.27,0.128,0.49,0.065,2014-15
202704,Reggie Jackson,1610612765,DET,25.0,6-3,75.0,208,Boston College,USA,2011,1,24,77,14.5,4.2,6.0,2.0,0.023,0.115,0.244,0.511,0.333,2014-15
202130,Reggie Williams,1610612759,SAS,28.0,6-6,78.0,205,Virginia Military Institute,USA,Undrafted,Undrafted,Undrafted,20,1.9,0.9,0.5,-21.6,0.045,0.117,0.176,0.454,0.169,2014-15
2210,Richard Jefferson,1610612742,DAL,35.0,6-7,79.0,234,Arizona,USA,2001,1,13,74,5.8,2.5,0.8,2.0,0.02,0.121,0.15,0.577,0.073,2014-15
203495,Ricky Ledo,1610612752,NYK,22.0,6-7,79.0,195,Providence,USA,2013,2,43,17,5.3,2.1,1.1,-10.6,0.061,0.086,0.232,0.426,0.143,2014-15
201937,Ricky Rubio,1610612750,MIN,24.0,6-4,76.0,192,None,Spain,2009,1,5,22,10.3,5.7,8.8,-1.4,0.026,0.152,0.193,0.452,0.422,2014-15
203133,Robbie Hummel,1610612750,MIN,26.0,6-9,81.0,219,Purdue,USA,2012,2,58,45,4.4,3.0,0.6,-9.1,0.04,0.147,0.12,0.536,0.058,2014-15
203496,Robert Covington,1610612755,PHI,24.0,6-9,81.0,215,Tennessee State,USA,Undrafted,Undrafted,Undrafted,70,13.5,4.5,1.5,-3.7,0.03,0.128,0.213,0.554,0.095,2014-15
203135,Robert Sacre,1610612747,LAL,26.0,7-0,84.0,270,Gonzaga,Canada,2012,2,60,67,4.6,3.5,0.8,-2.8,0.074,0.127,0.149,0.449,0.076,2014-15
201577,Robin Lopez,1610612757,POR,27.0,7-0,84.0,255,Stanford,USA,2008,1,15,59,9.6,6.7,0.9,4.3,0.116,0.115,0.153,0.574,0.05,2014-15
203918,Rodney Hood,1610612762,UTA,22.0,6-8,80.0,215,Duke,USA,2014,1,23,50,8.7,2.3,1.7,3.8,0.008,0.101,0.192,0.529,0.136,2014-15
201155,Rodney Stuckey,1610612754,IND,29.0,6-5,77.0,205,Eastern Washington,USA,2007,1,15,71,12.6,3.5,3.1,-0.6,0.019,0.107,0.23,0.528,0.2,2014-15
101179,Ronnie Price,1610612747,LAL,32.0,6-2,74.0,190,Utah Valley,USA,Undrafted,Undrafted,Undrafted,43,5.1,1.6,3.8,-3.3,0.018,0.052,0.132,0.455,0.244,2014-15
101142,Ronny Turiaf,1610612750,MIN,32.0,6-10,82.0,249,Gonzaga,France,2005,2,37,2,0.0,0.5,1.0,-16.4,0.0,0.0,0.0,0.0,0.167,2014-15
201579,Roy Hibbert,1610612754,IND,28.0,7-2,86.0,290,Georgetown,USA,2008,1,17,76,10.6,7.1,1.1,-1.1,0.082,0.193,0.216,0.501,0.076,2014-15
200752,Rudy Gay,1610612758,SAC,28.0,6-8,80.0,230,Connecticut,USA,2006,1,8,68,21.1,5.9,3.7,-2.4,0.042,0.124,0.263,0.556,0.185,2014-15
203497,Rudy Gobert,1610612762,UTA,23.0,7-1,85.0,245,None,France,2013,1,27,82,8.4,9.5,1.3,0.5,0.123,0.232,0.138,0.627,0.087,2014-15
203893,Russ Smith,1610612763,MEM,24.0,6-0,72.0,165,Louisville,USA,2014,2,47,12,2.5,0.5,0.7,15.6,0.013,0.068,0.251,0.488,0.216,2014-15
201566,Russell Westbrook,1610612760,OKC,26.0,6-3,75.0,200,UCLA,USA,2008,1,4,67,28.1,7.3,8.6,4.7,0.051,0.151,0.368,0.536,0.43,2014-15
201583,Ryan Anderson,1610612740,NOP,27.0,6-10,82.0,240,California,USA,2008,1,21,61,13.7,4.8,0.9,-1.1,0.063,0.114,0.225,0.524,0.054,2014-15
200797,Ryan Hollins,1610612758,SAC,30.0,7-0,84.0,240,UCLA,USA,2006,2,50,46,3.0,2.2,0.3,-5.3,0.085,0.137,0.131,0.648,0.048,2014-15
203527,Ryan Kelly,1610612747,LAL,24.0,6-11,83.0,230,Duke,USA,2013,2,48,52,6.4,2.8,1.8,-6.1,0.01,0.109,0.14,0.473,0.113,2014-15
2223,Samuel Dalembert,1610612752,NYK,35.0,6-11,83.0,255,Seton Hall,Haiti,2001,1,26,32,4.0,5.3,0.9,-15.8,0.101,0.218,0.149,0.461,0.088,2014-15
203930,Sean Kilpatrick,1610612750,MIN,25.0,6-4,76.0,210,Cincinnati,USA,Undrafted,Undrafted,Undrafted,4,5.5,1.5,1.0,11.5,0.017,0.078,0.15,0.506,0.082,2014-15
2742,Sebastian Telfair,1610612760,OKC,30.0,6-0,72.0,170,None,USA,2004,1,13,16,8.4,1.9,2.8,-11.2,0.006,0.088,0.219,0.479,0.29,2014-15
201586,Serge Ibaka,1610612760,OKC,25.0,6-10,82.0,245,None,Democratic Republic of the Congo,2008,1,24,64,14.3,7.8,0.9,3.9,0.063,0.158,0.19,0.549,0.041,2014-15
203508,Sergey Karasev,1610612751,BKN,21.0,6-7,79.0,208,None,Russia,2013,1,19,33,4.6,2.0,1.4,1.7,0.041,0.078,0.139,0.508,0.123,2014-15
203552,Seth Curry,1610612756,PHX,24.0,6-2,74.0,185,Duke,USA,Undrafted,Undrafted,Undrafted,2,0.0,1.0,0.5,-25.0,0.0,0.286,0.167,0.0,0.2,2014-15
203498,Shabazz Muhammad,1610612750,MIN,22.0,6-6,78.0,227,UCLA,USA,2013,1,14,38,13.5,4.1,1.2,-8.9,0.069,0.111,0.239,0.556,0.091,2014-15
203894,Shabazz Napier,1610612748,MIA,23.0,6-1,73.0,175,Connecticut,USA,2014,1,24,51,5.1,2.2,2.5,-2.2,0.018,0.102,0.154,0.517,0.216,2014-15
203499,Shane Larkin,1610612752,NYK,22.0,5-11,71.0,175,Miami,USA,2013,1,18,76,6.2,2.3,3.0,-10.7,0.015,0.084,0.134,0.504,0.201,2014-15
200769,Shannon Brown,1610612748,MIA,29.0,6-3,75.0,215,Michigan State,USA,2006,1,25,5,4.0,0.2,0.6,-8.7,0.0,0.013,0.14,0.482,0.049,2014-15
2733,Shaun Livingston,1610612744,GSW,29.0,6-7,79.0,192,None,USA,2004,1,4,78,5.9,2.3,3.3,1.0,0.03,0.088,0.159,0.529,0.267,2014-15
101183,Shavlik Randolph,1610612756,PHX,31.0,6-10,82.0,236,Duke,USA,Undrafted,Undrafted,Undrafted,21,1.1,1.8,0.2,-8.0,0.101,0.182,0.142,0.298,0.051,2014-15
1890,Shawn Marion,1610612739,CLE,37.0,6-7,79.0,228,UNLV,USA,1999,1,9,57,4.8,3.5,0.9,3.1,0.058,0.126,0.126,0.489,0.069,2014-15
200761,Shawne Williams,1610612765,DET,29.0,6-10,82.0,230,Memphis,USA,2006,1,17,63,5.4,2.6,0.7,-5.1,0.035,0.131,0.149,0.537,0.068,2014-15
203963,Shayne Whittington,1610612754,IND,24.0,6-11,83.0,250,Western Michigan,USA,Undrafted,Undrafted,Undrafted,20,2.9,1.5,0.3,7.0,0.094,0.178,0.243,0.547,0.094,2014-15
202714,Shelvin Mack,1610612737,ATL,25.0,6-3,75.0,207,Butler,USA,2011,2,34,55,5.4,1.4,2.8,2.3,0.01,0.086,0.19,0.489,0.298,2014-15
204021,Sim Bhullar,1610612758,SAC,22.0,7-5,89.0,360,New Mexico State,Canada,Undrafted,Undrafted,Undrafted,3,0.7,0.3,0.3,0.0,0.0,0.0,0.286,0.5,0.5,2014-15
203524,Solomon Hill,1610612754,IND,24.0,6-7,79.0,225,Arizona,USA,2013,1,23,82,8.9,3.8,2.2,-3.7,0.029,0.103,0.159,0.507,0.121,2014-15
203915,Spencer Dinwiddie,1610612765,DET,22.0,6-6,78.0,200,Colorado,USA,2014,2,38,34,4.3,1.4,3.1,-7.9,0.008,0.1,0.208,0.394,0.394,2014-15
201150,Spencer Hawes,1610612746,LAC,27.0,7-1,85.0,245,Washington,USA,2007,1,10,73,5.8,3.5,1.2,-3.1,0.024,0.173,0.181,0.478,0.11,2014-15
201939,Stephen Curry,1610612744,GSW,27.0,6-3,75.0,190,Davidson,USA,2009,1,7,80,23.8,4.3,7.7,16.3,0.022,0.1,0.277,0.638,0.358,2014-15
2581,Steve Blake,1610612757,POR,35.0,6-3,75.0,172,Maryland,USA,2003,2,38,81,4.3,1.7,3.6,3.2,0.01,0.073,0.129,0.507,0.264,2014-15
200779,Steve Novak,1610612760,OKC,32.0,6-10,82.0,225,Marquette,USA,2006,2,32,35,1.8,0.6,0.3,-16.1,0.009,0.1,0.129,0.554,0.088,2014-15
203500,Steven Adams,1610612760,OKC,21.0,7-0,84.0,255,Pittsburgh,New Zealand,2013,1,12,70,7.7,7.5,0.9,1.8,0.107,0.179,0.142,0.549,0.056,2014-15
203933,T.J. Warren,1610612756,PHX,21.0,6-8,80.0,215,North Carolina State,USA,2014,1,14,40,6.1,2.1,0.6,-8.5,0.061,0.071,0.173,0.551,0.069,2014-15
201959,Taj Gibson,1610612741,CHI,30.0,6-9,81.0,225,Southern California,USA,2009,1,26,62,10.3,6.4,1.1,1.7,0.095,0.132,0.175,0.545,0.071,2014-15
204028,Tarik Black,1610612747,LAL,23.0,6-11,83.0,257,Kansas,USA,Undrafted,Undrafted,Undrafted,63,6.0,5.8,0.7,-3.8,0.114,0.201,0.138,0.583,0.059,2014-15
2419,Tayshaun Prince,1610612765,DET,35.0,6-9,81.0,215,Kentucky,USA,2002,1,23,58,7.5,3.6,1.6,-4.5,0.036,0.114,0.15,0.504,0.109,2014-15
203093,Terrence Jones,1610612745,HOU,23.0,6-9,81.0,255,Kentucky,USA,2012,1,18,33,11.7,6.7,1.1,4.8,0.088,0.143,0.184,0.567,0.067,2014-15
203082,Terrence Ross,1610612761,TOR,24.0,6-7,79.0,195,Washington,USA,2012,1,8,82,9.8,2.8,1.0,0.6,0.016,0.095,0.181,0.519,0.063,2014-15
200757,Thabo Sefolosha,1610612737,ATL,31.0,6-7,79.0,222,None,Switzerland,2006,1,13,52,5.3,4.3,1.4,11.2,0.056,0.169,0.143,0.506,0.116,2014-15
201152,Thaddeus Young,1610612751,BKN,27.0,6-8,80.0,221,Georgia Tech,USA,2007,1,12,76,14.1,5.4,2.3,-4.5,0.052,0.121,0.212,0.507,0.118,2014-15
203080,Thomas Robinson,1610612755,PHI,24.0,6-10,82.0,237,Kansas,USA,2012,1,5,54,5.7,5.6,0.6,0.4,0.106,0.25,0.19,0.502,0.07,2014-15
201168,Tiago Splitter,1610612759,SAS,30.0,6-11,83.0,245,None,Brazil,2007,1,28,52,8.2,4.8,1.5,11.9,0.092,0.155,0.181,0.601,0.11,2014-15
1495,Tim Duncan,1610612759,SAS,39.0,6-11,83.0,250,Wake Forest,US Virgin Islands,1997,1,1,77,13.9,9.1,3.0,6.8,0.081,0.236,0.221,0.56,0.166,2014-15
204025,Tim Frazier,1610612757,POR,24.0,6-1,73.0,170,Penn State,USA,Undrafted,Undrafted,Undrafted,11,5.2,2.5,5.5,-2.2,0.023,0.089,0.17,0.406,0.361,2014-15
203501,Tim Hardaway Jr.,1610612752,NYK,23.0,6-6,78.0,210,Michigan,USA,2013,1,24,70,11.5,2.2,1.8,-11.1,0.007,0.088,0.229,0.512,0.134,2014-15
202389,Timofey Mozgov,1610612739,CLE,28.0,7-1,85.0,250,None,Russia,Undrafted,Undrafted,Undrafted,81,9.7,7.3,0.7,6.7,0.1,0.186,0.166,0.594,0.04,2014-15
202699,Tobias Harris,1610612753,ORL,22.0,6-9,81.0,235,Tennessee,USA,2011,1,19,68,17.1,6.3,1.8,-6.1,0.031,0.154,0.222,0.551,0.088,2014-15
201962,Toney Douglas,1610612740,NOP,29.0,6-2,74.0,195,Florida State,USA,2009,1,29,12,4.3,1.8,2.0,2.4,0.012,0.111,0.18,0.45,0.214,2014-15
2754,Tony Allen,1610612763,MEM,33.0,6-4,76.0,213,Oklahoma State,USA,2004,1,25,63,8.6,4.4,1.4,8.5,0.065,0.106,0.162,0.528,0.081,2014-15
2225,Tony Parker,1610612759,SAS,33.0,6-2,74.0,185,None,France,2001,1,28,68,14.4,1.9,4.9,4.7,0.008,0.059,0.242,0.539,0.278,2014-15
203503,Tony Snell,1610612741,CHI,23.0,6-7,79.0,200,New Mexico,USA,2013,1,20,72,6.0,2.4,0.9,2.2,0.021,0.096,0.139,0.55,0.068,2014-15
203100,Tony Wroten,1610612755,PHI,22.0,6-6,78.0,205,Washington,USA,2012,1,25,30,16.9,2.9,5.2,-12.7,0.023,0.073,0.3,0.494,0.338,2014-15
203315,Toure' Murry,1610612762,UTA,25.0,6-5,77.0,195,Wichita State,USA,Undrafted,Undrafted,Undrafted,5,1.2,0.2,0.2,0.0,0.0,0.0,0.25,0.51,0.111,2014-15
204037,Travis Wear,1610612752,NYK,24.0,6-10,82.0,225,UCLA,USA,Undrafted,Undrafted,Undrafted,51,3.9,2.1,0.8,-6.2,0.047,0.116,0.172,0.451,0.104,2014-15
2772,Trevor Ariza,1610612745,HOU,29.0,6-8,80.0,215,UCLA,USA,2004,2,43,82,12.8,5.6,2.5,4.0,0.026,0.127,0.163,0.539,0.112,2014-15
202344,Trevor Booker,1610612762,UTA,27.0,6-8,80.0,230,Clemson,USA,2010,1,23,79,7.2,5.0,1.1,1.0,0.09,0.167,0.177,0.536,0.093,2014-15
203504,Trey Burke,1610612762,UTA,22.0,6-1,73.0,185,Michigan,USA,2013,1,9,76,12.8,2.7,4.3,-1.7,0.014,0.077,0.232,0.455,0.245,2014-15
202684,Tristan Thompson,1610612739,CLE,24.0,6-9,81.0,238,Texas-Austin,Canada,2011,1,4,82,8.5,8.0,0.5,5.9,0.124,0.174,0.139,0.58,0.028,2014-15
203584,Troy Daniels,1610612766,CHA,23.0,6-4,76.0,205,Va Commonwealth,USA,Undrafted,Undrafted,Undrafted,47,3.7,0.7,0.5,-10.8,0.018,0.064,0.203,0.515,0.111,2014-15
201951,Ty Lawson,1610612743,DEN,27.0,5-11,71.0,195,North Carolina,USA,2009,1,18,75,15.2,3.1,9.6,-0.3,0.015,0.072,0.203,0.526,0.408,2014-15
203898,Tyler Ennis,1610612749,MIL,20.0,6-3,75.0,175,Syracuse,Canada,2014,1,18,33,3.7,1.1,2.2,-7.3,0.016,0.073,0.199,0.411,0.278,2014-15
201946,Tyler Hansbrough,1610612761,TOR,29.0,6-9,81.0,250,North Carolina,USA,2009,1,13,74,3.6,3.6,0.3,10.3,0.106,0.159,0.104,0.597,0.029,2014-15
204020,Tyler Johnson,1610612748,MIA,23.0,6-3,75.0,190,Fresno State,USA,Undrafted,Undrafted,Undrafted,32,5.9,2.5,1.3,-4.7,0.023,0.108,0.161,0.506,0.115,2014-15
203092,Tyler Zeller,1610612738,BOS,25.0,7-0,84.0,253,North Carolina,USA,2012,1,17,82,10.2,5.7,1.4,-2.0,0.081,0.178,0.195,0.594,0.106,2014-15
201936,Tyreke Evans,1610612740,NOP,25.0,6-6,78.0,220,Memphis,USA,2009,1,4,79,16.6,5.3,6.6,3.2,0.03,0.127,0.255,0.508,0.316,2014-15
200748,Tyrus Thomas,1610612763,MEM,28.0,6-10,82.0,225,Louisiana State,USA,2006,1,4,2,2.0,0.0,0.5,-8.7,0.0,0.0,0.125,1.064,0.2,2014-15
2199,Tyson Chandler,1610612742,DAL,32.0,7-1,85.0,240,None,USA,2001,1,2,75,10.3,11.5,1.1,4.7,0.129,0.244,0.126,0.697,0.053,2014-15
2617,Udonis Haslem,1610612748,MIA,35.0,6-8,80.0,235,Florida,USA,Undrafted,Undrafted,Undrafted,62,4.2,4.2,0.7,-8.2,0.072,0.195,0.141,0.488,0.078,2014-15
203505,Vander Blue,1610612747,LAL,22.0,6-4,76.0,200,Marquette,USA,Undrafted,Undrafted,Undrafted,2,11.0,4.5,4.0,-25.0,0.021,0.104,0.202,0.342,0.178,2014-15
201964,Victor Claver,1610612757,POR,26.0,6-9,81.0,224,None,Spain,2009,1,22,10,2.4,2.0,0.1,14.3,0.04,0.227,0.145,0.6,0.019,2014-15
203506,Victor Oladipo,1610612753,ORL,23.0,6-4,76.0,210,Indiana,USA,2013,1,2,72,17.9,4.2,4.1,-6.1,0.02,0.102,0.249,0.527,0.188,2014-15
1713,Vince Carter,1610612763,MEM,38.0,6-6,78.0,220,North Carolina,USA,1998,1,5,66,5.8,2.0,1.2,0.5,0.024,0.096,0.193,0.445,0.11,2014-15
201961,Wayne Ellington,1610612747,LAL,27.0,6-4,76.0,200,North Carolina,USA,2009,1,28,65,10.0,3.2,1.6,-3.9,0.017,0.105,0.182,0.504,0.101,2014-15
202325,Wesley Johnson,1610612747,LAL,27.0,6-7,79.0,215,Syracuse,USA,2010,1,4,76,9.9,4.2,1.6,-6.7,0.029,0.116,0.161,0.509,0.084,2014-15
202083,Wesley Matthews,1610612757,POR,28.0,6-5,77.0,220,Marquette,USA,Undrafted,Undrafted,Undrafted,60,15.9,3.7,2.3,6.8,0.018,0.085,0.193,0.586,0.11,2014-15
203115,Will Barton,1610612743,DEN,24.0,6-6,78.0,175,Memphis,USA,2012,2,40,58,6.8,2.8,1.4,-0.7,0.024,0.134,0.197,0.503,0.135,2014-15
101198,Will Bynum,1610612764,WAS,32.0,6-0,72.0,185,Georgia Tech,USA,Undrafted,Undrafted,Undrafted,7,3.1,0.9,2.6,-42.8,0.029,0.061,0.261,0.336,0.486,2014-15
203805,Will Cherry,1610612761,TOR,24.0,,,,Montana,USA,Undrafted,Undrafted,Undrafted,8,1.9,0.6,1.0,-3.6,0.014,0.056,0.165,0.347,0.174,2014-15
2584,Willie Green,1610612753,ORL,33.0,6-3,75.0,205,Detroit Mercy,USA,2003,2,41,52,5.9,1.5,1.3,-4.9,0.015,0.067,0.172,0.477,0.121,2014-15
201163,Wilson Chandler,1610612743,DEN,28.0,6-8,80.0,225,DePaul,USA,2007,1,23,78,13.9,6.1,1.7,-3.9,0.036,0.155,0.198,0.523,0.086,2014-15
202333,Xavier Henry,1610612747,LAL,24.0,6-6,78.0,220,Kansas,USA,2010,1,12,9,2.2,0.4,0.3,9.4,0.022,0.027,0.142,0.424,0.048,2014-15
203897,Zach LaVine,1610612750,MIN,20.0,6-5,77.0,183,UCLA,USA,2014,1,13,77,10.1,2.8,3.6,-14.2,0.014,0.103,0.218,0.515,0.25,2014-15
2216,Zach Randolph,1610612763,MEM,33.0,6-9,81.0,260,Michigan State,USA,2001,1,19,71,16.1,10.5,2.2,6.8,0.103,0.23,0.24,0.538,0.111,2014-15
2585,Zaza Pachulia,1610612749,MIL,31.0,6-11,83.0,270,None,Georgia,2003,2,42,73,8.3,6.8,2.4,7.5,0.118,0.183,0.186,0.506,0.155,2014-15
204054,Zoran Dragic,1610612748,MIA,26.0,6-5,77.0,200,None,Slovenia,Undrafted,Undrafted,Undrafted,16,1.8,0.5,0.3,-8.9,0.06,0.041,0.208,0.435,0.116,2014-15
