PLAYER_ID,PLAYER_NAME,TEAM_ID,TEAM_ABBREVIATION,GP,W,L,MIN,MIN1,DIST_FEET,DIST_MILES,DIST_MILES_OFF,DIST_MILES_DEF,AVG_SPEED,AVG_SPEED_OFF,AVG_SPEED_DEF,SEASON
1627773,AJ Hammons,1610612742,DAL,22,4,18,7.4,7.4,2571.2,0.5,0.3,0.2,3.94,4.16,3.72,2016-17
201166,Aaron Brooks,1610612754,IND,64,36,28,13.6,13.6,4953.5,0.9,0.5,0.4,4.14,4.35,3.92,2016-17
203932,Aaron Gordon,1610612753,ORL,80,29,51,28.7,28.7,11234.2,2.1,1.1,1.0,4.45,4.85,4.06,2016-17
1626151,Aaron Harrison,1610612766,CHA,5,2,3,3.3,3.3,1180.8,0.2,0.1,0.1,3.98,4.19,3.75,2016-17
203940,Adreian Payne,1610612750,MIN,18,5,13,7.5,7.5,2840.5,0.5,0.3,0.2,4.32,4.65,3.9,2016-17
201143,Al Horford,1610612738,BOS,68,46,22,32.3,32.3,11286.5,2.1,1.1,1.0,3.99,4.2,3.77,2016-17
2744,Al Jefferson,1610612754,IND,65,33,32,14.2,14.2,4898.0,0.9,0.5,0.4,3.93,3.97,3.89,2016-17
202329,Al-Farouq Aminu,1610612757,POR,61,33,28,29.1,29.1,10738.0,2.0,1.1,0.9,4.21,4.53,3.88,2016-17
101187,Alan Anderson,1610612746,LAC,30,20,10,10.3,10.3,3706.6,0.7,0.4,0.4,4.12,3.99,4.25,2016-17
1626210,Alan Williams,1610612756,PHX,47,11,36,15.1,15.1,5514.8,1.0,0.5,0.5,4.21,4.55,3.89,2016-17
202692,Alec Burks,1610612762,UTA,42,26,16,15.5,15.5,5751.6,1.1,0.6,0.5,4.22,4.33,4.07,2016-17
203518,Alex Abrines,1610612760,OKC,68,37,31,15.5,15.5,5935.7,1.1,0.6,0.5,4.38,4.7,4.07,2016-17
203458,Alex Len,1610612756,PHX,75,20,55,20.4,20.4,7467.6,1.4,0.7,0.7,4.17,4.54,3.83,2016-17
1627816,Alex Poythress,1610612755,PHI,6,0,6,26.1,26.1,10594.3,2.0,1.1,0.9,4.59,5.11,4.16,2016-17
201582,Alexis Ajinca,1610612740,NOP,39,15,24,15.0,15.0,5514.1,1.0,0.6,0.5,4.2,4.62,3.8,2016-17
203459,Allen Crabbe,1610612757,POR,79,39,40,28.5,28.5,10897.0,2.1,1.1,0.9,4.35,4.76,3.94,2016-17
202087,Alonzo Gee,1610612743,DEN,13,4,9,6.9,6.9,2623.5,0.5,0.3,0.2,4.36,4.35,4.37,2016-17
101161,Amir Johnson,1610612738,BOS,80,51,29,20.1,20.1,7090.8,1.3,0.7,0.7,4.02,4.2,3.84,2016-17
2760,Anderson Varejao,1610612744,GSW,14,12,2,6.6,6.6,2682.6,0.5,0.3,0.2,4.64,4.89,4.39,2016-17
203083,Andre Drummond,1610612765,DET,81,36,45,29.7,29.7,10624.3,2.0,1.0,1.0,4.07,4.15,3.99,2016-17
2738,Andre Iguodala,1610612744,GSW,76,64,12,26.3,26.3,9741.5,1.8,1.0,0.9,4.21,4.63,3.84,2016-17
203460,Andre Roberson,1610612760,OKC,79,46,33,30.1,30.1,11786.1,2.2,1.1,1.1,4.46,4.73,4.22,2016-17
101106,Andrew Bogut,1610612739,CLE,27,8,19,21.6,21.6,7271.3,1.4,0.8,0.6,3.84,3.92,3.75,2016-17
1626150,Andrew Harrison,1610612763,MEM,72,38,34,20.5,20.5,7116.4,1.3,0.7,0.6,3.95,4.14,3.75,2016-17
203094,Andrew Nicholson,1610612751,BKN,38,20,18,9.0,9.0,3226.7,0.6,0.3,0.3,4.08,4.37,3.79,2016-17
203952,Andrew Wiggins,1610612750,MIN,82,31,51,37.2,37.2,13024.1,2.5,1.3,1.1,3.98,4.23,3.73,2016-17
203461,Anthony Bennett,1610612751,BKN,22,3,19,11.0,11.0,4204.0,0.8,0.4,0.4,4.33,4.89,3.82,2016-17
1626148,Anthony Brown,1610612753,ORL,11,3,8,14.5,14.5,5557.6,1.1,0.5,0.5,4.38,4.7,4.09,2016-17
203076,Anthony Davis,1610612740,NOP,75,31,44,36.1,36.1,12574.2,2.4,1.2,1.1,3.96,4.33,3.64,2016-17
201627,Anthony Morrow,1610612741,CHI,49,25,24,14.6,14.6,5131.0,1.0,0.5,0.5,4.01,4.24,3.78,2016-17
201229,Anthony Tolliver,1610612758,SAC,65,26,39,22.7,22.7,8589.0,1.6,0.9,0.7,4.3,4.62,3.98,2016-17
203462,Archie Goodwin,1610612751,BKN,15,8,7,14.3,14.3,5668.3,1.1,0.5,0.5,4.52,4.61,4.44,2016-17
202620,Arinze Onuaku,1610612753,ORL,8,3,5,3.5,3.5,1144.5,0.2,0.1,0.1,3.6,4.05,3.61,2016-17
203382,Aron Baynes,1610612765,DET,75,34,41,15.5,15.5,5512.6,1.0,0.5,0.5,4.05,4.13,3.96,2016-17
201167,Arron Afflalo,1610612758,SAC,61,23,38,25.9,25.9,9298.4,1.8,1.0,0.8,4.09,4.29,3.88,2016-17
203085,Austin Rivers,1610612746,LAC,74,43,31,27.8,27.8,10180.4,1.9,1.0,0.9,4.18,4.37,3.98,2016-17
202340,Avery Bradley,1610612738,BOS,55,34,21,33.4,33.4,12603.9,2.4,1.2,1.2,4.3,4.47,4.14,2016-17
1626253,Axel Toupane,1610612740,NOP,4,2,2,11.9,11.9,4833.5,0.9,0.5,0.5,4.68,4.89,4.27,2016-17
1627791,Ben Bentil,1610612742,DAL,3,2,1,3.3,3.3,1275.3,0.2,0.1,0.1,4.26,4.49,3.98,2016-17
203463,Ben McLemore,1610612758,SAC,61,27,34,19.3,19.3,7621.1,1.4,0.8,0.7,4.5,4.75,4.24,2016-17
2757,Beno Udrih,1610612765,DET,39,18,21,14.4,14.4,5596.6,1.1,0.6,0.4,4.44,5.08,3.8,2016-17
202687,Bismack Biyombo,1610612753,ORL,81,29,52,22.1,22.1,8065.1,1.5,0.8,0.7,4.15,4.34,3.96,2016-17
201933,Blake Griffin,1610612746,LAC,61,40,21,34.0,34.0,11390.4,2.2,1.1,1.0,3.81,4.0,3.62,2016-17
1626246,Boban Marjanovic,1610612765,DET,35,16,19,8.4,8.4,2912.6,0.6,0.3,0.3,3.96,4.1,3.83,2016-17
201628,Bobby Brown,1610612745,HOU,25,18,7,4.9,4.9,1709.9,0.3,0.2,0.1,3.96,4.22,3.69,2016-17
1626171,Bobby Portis,1610612741,CHI,64,30,34,15.6,15.6,6077.5,1.2,0.6,0.5,4.43,4.74,4.12,2016-17
202711,Bojan Bogdanovic,1610612764,WAS,80,23,57,25.8,25.8,9794.5,1.9,1.0,0.9,4.33,4.72,3.96,2016-17
2564,Boris Diaw,1610612762,UTA,73,45,28,17.6,17.6,6315.8,1.2,0.7,0.5,4.09,4.38,3.78,2016-17
203078,Bradley Beal,1610612764,WAS,77,48,29,34.9,34.9,12840.6,2.4,1.3,1.2,4.19,4.54,3.86,2016-17
201148,Brandan Wright,1610612763,MEM,28,14,14,16.0,16.0,5524.6,1.0,0.6,0.5,3.96,4.0,3.9,2016-17
101138,Brandon Bass,1610612746,LAC,52,29,23,11.1,11.1,4148.4,0.8,0.4,0.4,4.26,4.43,4.08,2016-17
1627742,Brandon Ingram,1610612747,LAL,79,26,53,28.9,28.9,11045.2,2.1,1.1,1.0,4.36,4.73,3.99,2016-17
201943,Brandon Jennings,1610612764,WAS,81,37,44,22.2,22.2,8626.2,1.6,0.9,0.7,4.42,4.81,4.04,2016-17
202688,Brandon Knight,1610612756,PHX,53,16,37,21.2,21.2,8200.1,1.6,0.8,0.7,4.41,4.75,4.09,2016-17
201575,Brandon Rush,1610612750,MIN,47,15,32,21.9,21.9,8425.1,1.6,0.8,0.8,4.37,4.42,4.32,2016-17
203148,Brian Roberts,1610612766,CHA,41,16,25,10.2,10.2,3960.0,0.7,0.4,0.3,4.44,4.77,4.1,2016-17
1627362,Briante Weber,1610612766,CHA,20,12,8,10.2,10.2,4204.6,0.8,0.4,0.4,4.66,4.8,4.51,2016-17
1627744,Brice Johnson,1610612746,LAC,3,1,2,3.1,3.1,1028.7,0.2,0.1,0.1,3.9,4.03,3.78,2016-17
201572,Brook Lopez,1610612751,BKN,75,20,55,29.6,29.6,10535.7,2.0,1.1,0.9,4.05,4.35,3.76,2016-17
203998,Bruno Caboclo,1610612761,TOR,8,7,1,4.8,4.8,1914.9,0.4,0.2,0.2,4.56,4.89,4.21,2016-17
1627854,Bryn Forbes,1610612759,SAS,35,24,11,8.0,8.0,3035.7,0.6,0.3,0.3,4.32,4.72,3.9,2016-17
1627741,Buddy Hield,1610612758,SAC,82,31,51,23.0,23.0,9436.1,1.8,1.0,0.8,4.66,5.12,4.23,2016-17
201228,C.J. Watson,1610612753,ORL,62,20,42,16.3,16.3,6218.3,1.2,0.6,0.5,4.34,4.74,3.96,2016-17
203912,C.J. Wilcox,1610612753,ORL,22,8,14,4.9,4.9,1787.1,0.3,0.2,0.2,4.12,4.44,3.93,2016-17
203468,CJ McCollum,1610612757,POR,80,40,40,34.9,34.9,13753.8,2.6,1.5,1.1,4.49,5.02,3.94,2016-17
101139,CJ Miles,1610612754,IND,75,39,36,23.4,23.4,8335.9,1.6,0.8,0.7,4.06,4.32,3.8,2016-17
1626166,Cameron Payne,1610612741,CHI,31,16,15,14.9,14.9,5654.9,1.1,0.6,0.5,4.32,4.75,3.91,2016-17
1627747,Caris LeVert,1610612751,BKN,56,15,41,21.8,21.8,8290.2,1.6,0.8,0.7,4.34,4.75,3.96,2016-17
2546,Carmelo Anthony,1610612752,NYK,74,29,45,34.3,34.3,11653.2,2.2,1.2,1.0,3.86,4.09,3.63,2016-17
202718,Chandler Parsons,1610612763,MEM,34,18,16,19.8,19.8,7267.6,1.4,0.8,0.6,4.17,4.51,3.81,2016-17
101112,Channing Frye,1610612739,CLE,74,44,30,18.9,18.9,6528.0,1.2,0.7,0.6,3.93,4.22,3.64,2016-17
1626184,Chasson Randle,1610612752,NYK,26,8,18,11.5,11.5,4740.9,0.9,0.5,0.4,4.69,5.22,4.2,2016-17
1627767,Cheick Diallo,1610612740,NOP,17,9,8,11.7,11.7,4548.7,0.9,0.4,0.4,4.41,4.79,4.07,2016-17
1627778,Chinanu Onuaku,1610612745,HOU,5,2,3,10.3,10.3,3617.0,0.7,0.4,0.3,3.96,4.33,3.81,2016-17
2365,Chris Andersen,1610612739,CLE,12,8,4,9.5,9.5,3334.1,0.6,0.3,0.3,4.01,4.38,3.69,2016-17
1626191,Chris McCullough,1610612764,WAS,16,1,15,5.0,5.0,1986.8,0.4,0.2,0.2,4.47,5.44,3.8,2016-17
101108,Chris Paul,1610612746,LAC,61,43,18,31.5,31.5,10925.4,2.1,1.1,0.9,3.95,4.3,3.6,2016-17
1626174,Christian Wood,1610612766,CHA,13,5,8,8.2,8.2,3160.0,0.6,0.3,0.3,4.38,4.66,4.09,2016-17
203991,Clint Capela,1610612745,HOU,65,44,21,23.9,23.9,8839.1,1.7,0.9,0.8,4.23,4.62,3.88,2016-17
203469,Cody Zeller,1610612766,CHA,62,33,29,27.8,27.8,10552.0,2.0,1.1,0.9,4.31,4.7,3.93,2016-17
202332,Cole Aldrich,1610612750,MIN,62,23,39,8.6,8.6,3162.1,0.6,0.3,0.3,4.2,4.5,3.91,2016-17
201147,Corey Brewer,1610612747,LAL,82,47,35,15.6,15.6,5927.4,1.1,0.6,0.6,4.32,4.52,4.13,2016-17
202709,Cory Joseph,1610612761,TOR,79,48,31,25.0,25.0,10098.7,1.9,1.0,0.9,4.6,4.89,4.3,2016-17
201584,Courtney Lee,1610612752,NYK,77,29,48,31.9,31.9,11943.1,2.3,1.2,1.1,4.25,4.42,4.08,2016-17
1626245,Cristiano Felicio,1610612741,CHI,66,31,35,15.8,15.8,5943.3,1.1,0.6,0.5,4.3,4.52,4.08,2016-17
1626156,D'Angelo Russell,1610612747,LAL,63,21,42,28.7,28.7,11042.4,2.1,1.1,0.9,4.38,4.83,3.92,2016-17
201571,D.J. Augustin,1610612753,ORL,78,29,49,19.7,19.7,7093.7,1.3,0.7,0.6,4.1,4.43,3.75,2016-17
2563,Dahntay Jones,1610612739,CLE,1,0,1,12.0,12.0,4114.0,0.8,0.4,0.3,4.0,3.54,3.46,2016-17
1627745,Damian Jones,1610612744,GSW,10,7,3,8.5,8.5,3108.4,0.6,0.3,0.3,4.16,4.29,4.03,2016-17
203081,Damian Lillard,1610612757,POR,75,38,37,35.9,35.9,13144.7,2.5,1.4,1.1,4.17,4.66,3.67,2016-17
204014,Damjan Rudez,1610612753,ORL,45,12,33,7.0,7.0,2580.2,0.5,0.3,0.2,4.22,4.7,3.73,2016-17
1627849,Daniel Ochefu,1610612764,WAS,19,12,7,3.9,3.9,1395.0,0.3,0.1,0.1,4.01,4.12,3.89,2016-17
201568,Danilo Gallinari,1610612743,DEN,62,30,32,33.9,33.9,12006.0,2.3,1.2,1.0,4.02,4.42,3.63,2016-17
201980,Danny Green,1610612759,SAS,67,51,16,26.5,26.5,10461.9,2.0,1.1,0.9,4.49,4.76,4.2,2016-17
201967,Dante Cunningham,1610612740,NOP,66,28,38,25.0,25.0,9924.4,1.9,1.0,0.9,4.52,4.9,4.18,2016-17
203957,Dante Exum,1610612762,UTA,66,40,26,18.6,18.6,7200.2,1.4,0.7,0.6,4.41,4.58,4.23,2016-17
1627863,Danuel House Jr.,1610612764,WAS,1,0,1,0.8,0.8,264.0,0.1,0.0,0.0,7.24,0.0,0.0,2016-17
203967,Dario Saric,1610612755,PHI,81,28,53,26.3,26.3,10286.3,1.9,1.1,0.9,4.46,4.84,4.06,2016-17
201589,Darrell Arthur,1610612743,DEN,41,20,21,15.6,15.6,5468.8,1.0,0.6,0.5,4.02,4.35,3.71,2016-17
201954,Darren Collison,1610612758,SAC,68,26,42,30.3,30.3,11131.2,2.1,1.2,1.0,4.18,4.38,3.94,2016-17
1626199,Darrun Hilliard,1610612765,DET,39,19,20,9.8,9.8,3694.9,0.7,0.4,0.3,4.32,4.69,3.94,2016-17
101135,David Lee,1610612759,SAS,78,58,20,18.8,18.8,6920.1,1.3,0.7,0.6,4.2,4.42,3.98,2016-17
1628021,David Nwaba,1610612747,LAL,20,5,15,19.9,19.9,7909.6,1.5,0.7,0.8,4.54,4.69,4.37,2016-17
2561,David West,1610612744,GSW,68,56,12,12.6,12.6,4160.3,0.8,0.4,0.4,3.78,3.96,3.6,2016-17
202722,Davis Bertans,1610612759,SAS,66,51,15,12.2,12.2,4906.4,0.9,0.5,0.4,4.59,5.2,3.98,2016-17
201599,DeAndre Jordan,1610612746,LAC,81,51,30,31.7,31.7,10698.2,2.0,1.1,1.0,3.84,4.01,3.66,2016-17
202732,DeAndre Liggins,1610612742,DAL,62,40,22,12.5,12.5,4927.2,0.9,0.5,0.5,4.48,4.42,4.55,2016-17
1627761,DeAndre' Bembry,1610612737,ATL,38,20,18,9.8,9.8,3661.8,0.7,0.4,0.3,4.28,4.54,3.99,2016-17
201942,DeMar DeRozan,1610612761,TOR,73,46,27,35.5,35.5,12655.3,2.4,1.3,1.1,4.06,4.42,3.69,2016-17
202326,DeMarcus Cousins,1610612740,NOP,72,30,42,34.2,34.2,10800.0,2.0,1.1,1.0,3.6,3.67,3.52,2016-17
201960,DeMarre Carroll,1610612761,TOR,71,43,28,26.2,26.2,9563.0,1.8,0.9,0.9,4.16,4.26,4.05,2016-17
1627749,Dejounte Murray,1610612759,SAS,38,29,9,8.5,8.5,3425.8,0.6,0.4,0.3,4.62,4.92,4.31,2016-17
1626153,Delon Wright,1610612761,TOR,27,19,8,16.5,16.5,6635.9,1.3,0.7,0.6,4.57,4.9,4.23,2016-17
1627743,Demetrius Jackson,1610612738,BOS,5,1,4,3.4,3.4,1303.0,0.2,0.1,0.1,4.23,5.35,3.93,2016-17
203471,Dennis Schröder,1610612737,ATL,79,42,37,31.5,31.5,11931.4,2.3,1.2,1.0,4.32,4.76,3.91,2016-17
1627756,Denzel Valentine,1610612741,CHI,57,28,29,17.1,17.1,6602.8,1.3,0.7,0.6,4.39,4.72,4.06,2016-17
101114,Deron Williams,1610612739,CLE,63,24,39,25.8,25.8,9155.2,1.7,1.0,0.8,4.04,4.37,3.69,2016-17
202324,Derrick Favors,1610612762,UTA,50,33,17,23.7,23.7,8625.9,1.6,0.9,0.7,4.15,4.33,3.94,2016-17
1627884,Derrick Jones Jr.,1610612756,PHX,32,7,25,17.0,17.0,6747.4,1.3,0.6,0.6,4.56,4.85,4.3,2016-17
201565,Derrick Rose,1610612752,NYK,64,26,38,32.5,32.5,11977.7,2.3,1.2,1.0,4.19,4.5,3.87,2016-17
202682,Derrick Williams,1610612739,CLE,50,16,34,16.1,16.1,6056.8,1.1,0.6,0.5,4.29,4.64,3.92,2016-17
1626164,Devin Booker,1610612756,PHX,76,23,53,35.0,35.0,12688.9,2.4,1.3,1.1,4.13,4.51,3.77,2016-17
2734,Devin Harris,1610612742,DAL,64,28,36,16.7,16.7,6058.8,1.1,0.6,0.5,4.13,4.43,3.81,2016-17
203473,Dewayne Dedmon,1610612759,SAS,75,55,20,17.5,17.5,6444.7,1.2,0.7,0.6,4.19,4.5,3.87,2016-17
1627738,Deyonta Davis,1610612763,MEM,36,23,13,6.6,6.6,2397.0,0.5,0.2,0.2,4.12,4.34,3.95,2016-17
1627754,Diamond Stone,1610612746,LAC,7,6,1,3.5,3.5,1354.0,0.3,0.1,0.1,4.45,4.44,4.47,2016-17
203079,Dion Waiters,1610612748,MIA,46,27,19,30.1,30.1,10822.8,2.0,1.1,0.9,4.09,4.39,3.78,2016-17
1717,Dirk Nowitzki,1610612742,DAL,53,22,31,26.3,26.3,8317.8,1.6,0.8,0.7,3.61,3.72,3.49,2016-17
1627734,Domantas Sabonis,1610612760,OKC,81,46,35,20.1,20.1,7526.8,1.4,0.8,0.7,4.27,4.8,3.79,2016-17
202700,Donatas Motiejunas,1610612740,NOP,34,16,18,14.1,14.1,5291.8,1.0,0.5,0.5,4.29,4.66,3.91,2016-17
1627827,Dorian Finney-Smith,1610612742,DAL,80,32,48,20.4,20.4,7777.6,1.5,0.8,0.7,4.34,4.47,4.2,2016-17
203926,Doug McDermott,1610612760,OKC,66,35,31,22.8,22.8,9086.8,1.7,0.9,0.8,4.54,4.94,4.15,2016-17
1627733,Dragan Bender,1610612756,PHX,41,12,29,13.3,13.3,5117.7,1.0,0.5,0.5,4.38,4.91,3.92,2016-17
203110,Draymond Green,1610612744,GSW,76,62,14,32.5,32.5,11252.6,2.1,1.1,1.0,3.94,4.36,3.57,2016-17
2730,Dwight Howard,1610612737,ATL,74,37,37,29.7,29.7,10263.7,1.9,1.0,0.9,3.95,4.24,3.67,2016-17
203939,Dwight Powell,1610612742,DAL,76,29,47,17.3,17.3,6608.4,1.3,0.7,0.6,4.34,4.52,4.14,2016-17
2548,Dwyane Wade,1610612741,CHI,60,29,31,29.9,29.9,10573.2,2.0,1.1,0.9,4.03,4.37,3.7,2016-17
202734,E'Twaun Moore,1610612740,NOP,73,32,41,24.9,24.9,9481.0,1.8,0.9,0.8,4.33,4.7,3.98,2016-17
202334,Ed Davis,1610612757,POR,46,19,27,17.2,17.2,6428.0,1.2,0.7,0.6,4.26,4.48,4.03,2016-17
204002,Edy Tavares,1610612739,CLE,2,1,1,13.8,13.8,4715.0,0.9,0.5,0.4,3.91,4.07,3.74,2016-17
203901,Elfrid Payton,1610612753,ORL,82,29,53,29.4,29.4,11362.5,2.2,1.1,1.0,4.42,4.71,4.15,2016-17
202407,Elijah Millsap,1610612756,PHX,2,1,1,11.6,11.6,4288.0,0.8,0.4,0.4,4.17,4.36,3.99,2016-17
1626144,Emmanuel Mudiay,1610612743,DEN,54,24,30,25.6,25.6,9922.6,1.9,1.1,0.8,4.41,4.92,3.89,2016-17
202683,Enes Freedom,1610612760,OKC,72,43,29,21.3,21.3,7770.7,1.5,0.8,0.7,4.17,4.38,3.98,2016-17
202339,Eric Bledsoe,1610612756,PHX,64,21,43,33.0,33.0,12361.1,2.3,1.2,1.1,4.27,4.63,3.92,2016-17
201569,Eric Gordon,1610612745,HOU,75,50,25,31.0,31.0,10893.3,2.1,1.1,1.0,4.0,4.34,3.69,2016-17
101141,Ersan Ilyasova,1610612737,ATL,82,35,47,26.1,26.1,9721.5,1.8,1.0,0.8,4.24,4.69,3.8,2016-17
203095,Evan Fournier,1610612753,ORL,68,23,45,32.8,32.8,12389.5,2.3,1.2,1.1,4.31,4.67,3.97,2016-17
202323,Evan Turner,1610612757,POR,65,34,31,25.5,25.5,9500.6,1.8,1.0,0.8,4.24,4.57,3.89,2016-17
1626163,Frank Kaminsky,1610612766,CHA,75,31,44,26.1,26.1,9974.0,1.9,1.1,0.8,4.36,4.87,3.82,2016-17
1627832,Fred VanVleet,1610612761,TOR,36,24,12,8.1,8.1,3276.8,0.6,0.3,0.3,4.6,4.81,4.43,2016-17
202066,Garrett Temple,1610612758,SAC,65,25,40,26.6,26.6,9986.3,1.9,1.0,0.9,4.27,4.52,4.02,2016-17
203914,Gary Harris,1610612743,DEN,56,28,28,31.2,31.2,11414.6,2.2,1.2,1.0,4.17,4.46,3.86,2016-17
202390,Gary Neal,1610612737,ATL,2,1,1,9.2,9.2,3350.0,0.6,0.3,0.3,4.26,4.98,3.65,2016-17
1627780,Gary Payton II,1610612749,MIL,6,2,4,16.5,16.5,6896.3,1.3,0.7,0.6,4.73,4.95,4.51,2016-17
201588,George Hill,1610612762,UTA,49,33,16,31.5,31.5,11276.7,2.1,1.2,1.0,4.08,4.3,3.81,2016-17
1627777,Georges Niang,1610612754,IND,22,11,11,4.1,4.1,1604.9,0.3,0.2,0.1,4.48,4.86,4.11,2016-17
1627834,Georgios Papagiannis,1610612758,SAC,22,7,15,16.1,16.1,5952.2,1.1,0.6,0.5,4.2,4.5,3.9,2016-17
101123,Gerald Green,1610612738,BOS,47,32,15,11.4,11.4,4402.2,0.8,0.4,0.4,4.4,4.68,4.12,2016-17
201945,Gerald Henderson,1610612755,PHI,72,24,48,23.2,23.2,9251.1,1.8,1.0,0.8,4.55,5.01,4.06,2016-17
203507,Giannis Antetokounmpo,1610612749,MIL,80,42,38,35.6,35.6,12712.1,2.4,1.3,1.1,4.08,4.46,3.71,2016-17
203922,Glenn Robinson III,1610612754,IND,68,35,33,20.6,20.6,8102.6,1.5,0.8,0.7,4.49,4.73,4.24,2016-17
201609,Goran Dragic,1610612748,MIA,73,40,33,33.7,33.7,13030.6,2.5,1.4,1.1,4.41,4.82,3.97,2016-17
202330,Gordon Hayward,1610612762,UTA,73,46,27,34.5,34.5,12776.3,2.4,1.4,1.1,4.22,4.6,3.81,2016-17
203476,Gorgui Dieng,1610612750,MIN,82,31,51,32.4,32.4,11674.9,2.2,1.2,1.0,4.11,4.29,3.92,2016-17
202328,Greg Monroe,1610612749,MIL,81,42,39,22.5,22.5,7864.5,1.5,0.7,0.8,3.98,3.98,3.97,2016-17
202349,Greivis Vasquez,1610612751,BKN,3,1,2,12.9,12.9,4987.0,0.9,0.5,0.4,4.37,4.58,4.12,2016-17
203084,Harrison Barnes,1610612742,DAL,78,31,47,35.5,35.5,13324.9,2.5,1.4,1.1,4.28,4.52,4.0,2016-17
202355,Hassan Whiteside,1610612748,MIA,77,39,38,32.6,32.6,10971.8,2.1,1.1,1.0,3.83,3.91,3.74,2016-17
1627740,Henry Ellenson,1610612765,DET,19,8,11,7.7,7.7,3088.7,0.6,0.3,0.3,4.56,4.94,4.17,2016-17
203138,Hollis Thompson,1610612740,NOP,40,12,28,18.8,18.8,7196.3,1.4,0.7,0.6,4.37,4.61,4.12,2016-17
203546,Ian Clark,1610612744,GSW,77,63,14,14.8,14.8,5832.9,1.1,0.6,0.5,4.5,4.96,4.05,2016-17
101133,Ian Mahinmi,1610612764,WAS,31,19,12,17.9,17.9,6461.5,1.2,0.6,0.6,4.13,4.37,3.9,2016-17
202697,Iman Shumpert,1610612739,CLE,76,48,28,25.5,25.5,9436.4,1.8,0.9,0.9,4.21,4.34,4.09,2016-17
203477,Isaiah Canaan,1610612741,CHI,39,19,20,15.2,15.2,5725.2,1.1,0.5,0.5,4.29,4.38,4.21,2016-17
1627819,Isaiah Taylor,1610612745,HOU,4,3,1,13.0,13.0,4827.5,0.9,0.5,0.4,4.28,4.41,4.16,2016-17
202738,Isaiah Thomas,1610612738,BOS,76,51,25,33.8,33.8,12280.9,2.3,1.3,1.0,4.14,4.6,3.68,2016-17
1627785,Isaiah Whitehead,1610612751,BKN,73,17,56,22.5,22.5,8755.3,1.7,0.9,0.8,4.43,4.83,4.07,2016-17
202397,Ish Smith,1610612765,DET,81,37,44,24.1,24.1,9717.8,1.8,1.0,0.8,4.58,5.21,3.95,2016-17
1627826,Ivica Zubac,1610612747,LAL,38,8,30,16.0,16.0,5986.0,1.1,0.6,0.5,4.26,4.66,3.86,2016-17
200826,J.J. Barea,1610612742,DAL,34,10,24,22.1,22.1,7980.4,1.5,0.9,0.7,4.12,4.52,3.68,2016-17
200755,JJ Redick,1610612746,LAC,78,50,28,28.2,28.2,11129.0,2.1,1.2,1.0,4.5,4.92,4.08,2016-17
2747,JR Smith,1610612739,CLE,41,25,16,29.0,29.0,10176.9,1.9,1.0,0.9,4.0,4.1,3.89,2016-17
203210,JaMychal Green,1610612763,MEM,77,40,37,27.3,27.3,10156.3,1.9,1.0,0.9,4.24,4.41,4.06,2016-17
201580,JaVale McGee,1610612744,GSW,77,62,15,9.6,9.6,3609.3,0.7,0.3,0.3,4.28,4.65,3.97,2016-17
203953,Jabari Parker,1610612749,MIL,51,22,29,33.9,33.9,12897.3,2.4,1.3,1.2,4.34,4.7,4.01,2016-17
203109,Jae Crowder,1610612738,BOS,72,48,24,32.4,32.4,11815.3,2.2,1.2,1.1,4.15,4.43,3.88,2016-17
1626143,Jahlil Okafor,1610612755,PHI,50,15,35,22.7,22.7,8328.0,1.6,0.9,0.7,4.19,4.33,4.03,2016-17
1627774,Jake Layman,1610612757,POR,35,16,19,7.1,7.1,2765.4,0.5,0.3,0.2,4.43,4.88,3.95,2016-17
1627751,Jakob Poeltl,1610612761,TOR,53,37,16,11.7,11.7,4605.1,0.9,0.5,0.4,4.47,4.66,4.28,2016-17
2037,Jamal Crawford,1610612746,LAC,82,51,31,26.3,26.3,9242.8,1.8,0.9,0.8,4.0,4.19,3.79,2016-17
1627750,Jamal Murray,1610612743,DEN,81,39,42,21.6,21.6,8736.7,1.7,0.9,0.8,4.6,5.06,4.15,2016-17
2749,Jameer Nelson,1610612743,DEN,74,33,41,27.3,27.3,9485.4,1.8,1.0,0.8,3.96,4.37,3.54,2016-17
203516,James Ennis III,1610612763,MEM,64,32,32,23.4,23.4,8932.0,1.7,0.9,0.8,4.34,4.44,4.22,2016-17
201935,James Harden,1610612745,HOU,81,54,27,36.4,36.4,11875.4,2.2,1.2,1.1,3.72,4.07,3.4,2016-17
201949,James Johnson,1610612748,MIA,76,40,36,27.4,27.4,10243.0,1.9,1.1,0.9,4.25,4.65,3.84,2016-17
2592,James Jones,1610612739,CLE,48,28,20,7.9,7.9,2907.2,0.6,0.3,0.3,4.17,4.54,3.8,2016-17
203949,James Michael McAdoo,1610612744,GSW,52,43,9,8.8,8.8,3478.6,0.7,0.3,0.3,4.5,4.72,4.29,2016-17
203923,James Young,1610612738,BOS,29,16,13,7.6,7.6,2915.2,0.6,0.3,0.3,4.36,4.52,4.2,2016-17
201162,Jared Dudley,1610612756,PHX,64,17,47,21.3,21.3,7678.1,1.5,0.8,0.7,4.13,4.65,3.62,2016-17
203096,Jared Sullinger,1610612761,TOR,11,2,9,10.7,10.7,3760.4,0.7,0.4,0.3,3.98,4.08,3.98,2016-17
204067,Jarell Eddie,1610612756,PHX,5,0,5,12.5,12.5,4844.0,0.9,0.5,0.4,4.45,4.81,4.11,2016-17
1626185,Jarell Martin,1610612763,MEM,42,23,19,13.3,13.3,5278.8,1.0,0.5,0.5,4.52,4.8,4.24,2016-17
203950,Jarnell Stokes,1610612743,DEN,2,0,2,3.3,3.3,1134.5,0.2,0.1,0.1,3.69,4.63,3.06,2016-17
101127,Jarrett Jack,1610612740,NOP,2,1,1,16.5,16.5,5831.5,1.1,0.6,0.5,3.99,4.55,3.83,2016-17
1627784,Jarrod Uthoff,1610612742,DAL,9,2,7,12.8,12.8,4768.2,0.9,0.5,0.4,4.24,4.55,3.94,2016-17
201160,Jason Smith,1610612764,WAS,74,45,29,14.4,14.4,5554.5,1.1,0.6,0.5,4.38,4.68,4.09,2016-17
1891,Jason Terry,1610612749,MIL,74,37,37,18.4,18.4,6980.5,1.3,0.7,0.6,4.31,4.56,4.07,2016-17
1627759,Jaylen Brown,1610612738,BOS,78,50,28,17.2,17.2,6764.7,1.3,0.7,0.6,4.47,4.74,4.2,2016-17
201145,Jeff Green,1610612753,ORL,69,26,43,22.2,22.2,7674.2,1.5,0.8,0.7,3.96,4.15,3.77,2016-17
201952,Jeff Teague,1610612754,IND,81,42,39,32.5,32.5,11134.9,2.1,1.1,1.0,3.9,4.2,3.6,2016-17
203481,Jeff Withey,1610612762,UTA,51,33,18,8.5,8.5,3243.3,0.6,0.3,0.3,4.34,4.63,4.01,2016-17
203924,Jerami Grant,1610612760,OKC,80,43,37,19.1,19.1,7227.5,1.4,0.7,0.7,4.31,4.64,4.0,2016-17
203087,Jeremy Lamb,1610612766,CHA,62,27,35,18.4,18.4,7139.9,1.4,0.7,0.6,4.42,4.69,4.15,2016-17
202391,Jeremy Lin,1610612751,BKN,35,13,22,24.5,24.5,9497.7,1.8,1.0,0.8,4.41,4.97,3.88,2016-17
1626170,Jerian Grant,1610612741,CHI,63,29,34,16.3,16.3,6080.9,1.2,0.6,0.6,4.25,4.36,4.11,2016-17
201573,Jerryd Bayless,1610612755,PHI,3,1,2,23.8,23.8,8957.3,1.7,1.0,0.7,4.28,4.77,3.77,2016-17
202710,Jimmy Butler III,1610612741,CHI,76,40,36,37.0,37.0,13728.7,2.6,1.4,1.2,4.23,4.47,3.96,2016-17
201149,Joakim Noah,1610612752,NYK,46,17,29,22.1,22.1,8495.4,1.6,0.9,0.7,4.39,4.71,4.06,2016-17
201975,Jodie Meeks,1610612753,ORL,36,14,22,20.5,20.5,7874.1,1.5,0.8,0.7,4.38,4.74,4.02,2016-17
203925,Joe Harris,1610612751,BKN,51,10,41,21.9,21.9,8949.1,1.7,0.9,0.8,4.65,5.19,4.14,2016-17
204060,Joe Ingles,1610612762,UTA,82,51,31,24.1,24.1,8797.4,1.7,0.9,0.8,4.16,4.33,3.98,2016-17
2207,Joe Johnson,1610612762,UTA,78,47,31,23.6,23.6,8374.1,1.6,0.9,0.7,4.04,4.38,3.67,2016-17
1626202,Joe Young,1610612754,IND,32,18,14,4.1,4.1,1655.9,0.3,0.2,0.1,4.54,4.89,4.17,2016-17
201202,Joel Anthony,1610612759,SAS,19,15,4,6.4,6.4,2451.6,0.5,0.3,0.2,4.33,4.52,4.22,2016-17
1627762,Joel Bolomboy,1610612762,UTA,12,8,4,4.4,4.4,1661.8,0.3,0.2,0.1,4.34,4.59,3.82,2016-17
203954,Joel Embiid,1610612755,PHI,31,13,18,25.4,25.4,9229.5,1.7,0.9,0.8,4.15,4.46,3.85,2016-17
203530,Joffrey Lauvergne,1610612741,CHI,70,41,29,14.0,14.0,5155.3,1.0,0.5,0.5,4.19,4.52,3.88,2016-17
203089,John Henson,1610612749,MIL,58,26,32,19.4,19.4,6945.8,1.3,0.7,0.6,4.12,4.28,3.97,2016-17
203098,John Jenkins,1610612756,PHX,4,0,4,3.2,3.2,1189.0,0.2,0.1,0.1,4.17,4.63,3.87,2016-17
101249,John Lucas III,1610612750,MIN,5,3,2,2.1,2.1,785.2,0.1,0.1,0.1,3.94,4.01,3.84,2016-17
202322,John Wall,1610612764,WAS,78,48,30,36.4,36.4,12087.6,2.3,1.2,1.1,3.79,4.07,3.52,2016-17
203948,Johnny O'Bryant III,1610612766,CHA,11,4,7,7.3,7.3,2669.5,0.5,0.3,0.2,4.17,4.52,3.82,2016-17
202720,Jon Leuer,1610612765,DET,75,34,41,25.9,25.9,10119.1,1.9,1.0,0.9,4.44,4.81,4.09,2016-17
201973,Jonas Jerebko,1610612738,BOS,78,51,27,15.8,15.8,6019.1,1.1,0.6,0.5,4.34,4.68,3.99,2016-17
202685,Jonas Valančiūnas,1610612761,TOR,79,49,30,25.9,25.9,9300.1,1.8,0.9,0.8,4.1,4.25,3.94,2016-17
1626780,Jonathan Gibson,1610612742,DAL,17,4,13,13.6,13.6,5246.5,1.0,0.6,0.4,4.4,4.89,3.89,2016-17
203613,Jonathon Simmons,1610612759,SAS,77,60,17,17.9,17.9,6752.3,1.3,0.7,0.6,4.31,4.64,3.97,2016-17
203903,Jordan Clarkson,1610612747,LAL,82,26,56,29.2,29.2,11179.7,2.1,1.1,1.0,4.35,4.68,4.03,2016-17
202348,Jordan Crawford,1610612740,NOP,19,9,10,23.3,23.3,8168.3,1.5,0.8,0.7,4.0,4.31,3.71,2016-17
200770,Jordan Farmar,1610612758,SAC,2,1,1,17.7,17.7,6735.0,1.3,0.7,0.6,4.41,4.84,3.66,2016-17
201941,Jordan Hill,1610612750,MIN,7,2,5,6.7,6.7,2402.3,0.5,0.2,0.2,4.12,4.49,3.78,2016-17
203895,Jordan McRae,1610612739,CLE,37,26,11,10.4,10.4,3644.2,0.7,0.4,0.3,4.0,4.2,3.78,2016-17
1626175,Jordan Mickey,1610612738,BOS,25,9,16,5.6,5.6,2139.0,0.4,0.2,0.2,4.3,4.6,4.1,2016-17
101181,Jose Calderon,1610612737,ATL,41,15,26,13.1,13.1,5036.9,1.0,0.5,0.4,4.37,4.74,3.99,2016-17
203962,Josh Huestis,1610612760,OKC,2,0,2,15.4,15.4,6276.0,1.2,0.6,0.6,4.67,4.84,4.14,2016-17
201177,Josh McRoberts,1610612748,MIA,22,6,16,17.3,17.3,6322.4,1.2,0.7,0.5,4.15,4.49,3.76,2016-17
1626196,Josh Richardson,1610612748,MIA,53,23,30,30.5,30.5,11435.0,2.2,1.2,1.0,4.27,4.53,4.0,2016-17
201950,Jrue Holiday,1610612740,NOP,67,32,35,32.7,32.7,12430.6,2.4,1.3,1.1,4.33,4.95,3.78,2016-17
1627823,Juancho Hernangomez,1610612743,DEN,61,29,32,13.7,13.7,5378.3,1.0,0.5,0.5,4.47,4.84,4.12,2016-17
203944,Julius Randle,1610612747,LAL,74,24,50,28.8,28.8,10344.4,2.0,1.1,0.9,4.09,4.49,3.68,2016-17
1626147,Justin Anderson,1610612755,PHI,74,23,51,16.6,16.6,6297.1,1.2,0.7,0.5,4.34,4.68,3.97,2016-17
203120,Justin Hamilton,1610612751,BKN,63,14,49,18.3,18.3,7367.1,1.4,0.8,0.6,4.59,5.07,4.13,2016-17
202712,Justin Harper,1610612755,PHI,3,1,2,10.4,10.4,3804.0,0.7,0.4,0.3,4.21,4.59,3.45,2016-17
203200,Justin Holiday,1610612752,NYK,82,31,51,20.0,20.0,7733.4,1.5,0.8,0.7,4.4,4.78,4.04,2016-17
1626159,Justise Winslow,1610612748,MIA,18,4,14,34.7,34.7,12841.3,2.4,1.3,1.1,4.22,4.52,3.89,2016-17
203994,Jusuf Nurkić,1610612757,POR,64,33,31,21.6,21.6,7880.4,1.5,0.8,0.7,4.16,4.45,3.86,2016-17
203909,KJ McDaniels,1610612751,BKN,49,28,21,10.3,10.3,3782.5,0.7,0.4,0.4,4.16,4.37,3.97,2016-17
1626157,Karl-Anthony Towns,1610612750,MIN,82,31,51,37.0,37.0,13353.1,2.5,1.3,1.2,4.11,4.28,3.94,2016-17
202695,Kawhi Leonard,1610612759,SAS,73,54,19,33.5,33.5,13000.5,2.5,1.4,1.1,4.43,4.86,3.97,2016-17
1627770,Kay Felder,1610612739,CLE,42,25,17,9.2,9.2,3651.8,0.7,0.4,0.3,4.52,4.79,4.25,2016-17
203482,Kelly Olynyk,1610612738,BOS,75,49,26,20.5,20.5,7586.4,1.4,0.8,0.7,4.22,4.55,3.88,2016-17
1626162,Kelly Oubre Jr.,1610612764,WAS,79,47,32,20.3,20.3,7543.9,1.4,0.7,0.7,4.23,4.37,4.1,2016-17
202689,Kemba Walker,1610612766,CHA,79,36,43,34.7,34.7,12613.8,2.4,1.3,1.1,4.14,4.59,3.69,2016-17
202702,Kenneth Faried,1610612743,DEN,60,28,32,21.3,21.3,8004.9,1.5,0.8,0.7,4.28,4.55,4.01,2016-17
203145,Kent Bazemore,1610612737,ATL,73,39,34,26.9,26.9,10223.4,1.9,1.0,0.9,4.34,4.62,4.07,2016-17
203484,Kentavious Caldwell-Pope,1610612765,DET,76,33,43,33.3,33.3,12501.3,2.4,1.3,1.1,4.27,4.62,3.95,2016-17
201142,Kevin Durant,1610612744,GSW,62,51,11,33.4,33.4,11874.8,2.2,1.2,1.1,4.05,4.55,3.62,2016-17
201567,Kevin Love,1610612739,CLE,60,40,20,31.4,31.4,11328.6,2.1,1.1,1.0,4.1,4.27,3.93,2016-17
202338,Kevin Seraphin,1610612754,IND,48,23,25,11.2,11.2,4183.6,0.8,0.4,0.4,4.22,4.39,4.06,2016-17
1626172,Kevon Looney,1610612744,GSW,53,44,9,8.4,8.4,3223.7,0.6,0.3,0.3,4.35,4.53,4.14,2016-17
203114,Khris Middleton,1610612749,MIL,29,19,10,30.7,30.7,10842.4,2.1,1.1,1.0,4.03,4.24,3.83,2016-17
202691,Klay Thompson,1610612744,GSW,78,66,12,34.0,34.0,13011.7,2.5,1.3,1.2,4.36,4.95,3.85,2016-17
201585,Kosta Koufos,1610612758,SAC,71,27,44,20.0,20.0,7524.5,1.4,0.8,0.7,4.29,4.42,4.16,2016-17
1627739,Kris Dunn,1610612750,MIN,78,30,48,17.1,17.1,6711.6,1.3,0.7,0.6,4.47,4.67,4.27,2016-17
2743,Kris Humphries,1610612737,ATL,56,31,25,12.3,12.3,4621.9,0.9,0.5,0.4,4.28,4.57,4.0,2016-17
204001,Kristaps Porziņģis,1610612752,NYK,66,26,40,32.8,32.8,11840.3,2.2,1.2,1.0,4.11,4.43,3.79,2016-17
203937,Kyle Anderson,1610612759,SAS,71,53,18,14.2,14.2,5406.1,1.0,0.6,0.5,4.34,4.75,3.92,2016-17
2594,Kyle Korver,1610612739,CLE,67,33,34,26.2,26.2,9805.3,1.9,1.0,0.9,4.27,4.59,3.97,2016-17
200768,Kyle Lowry,1610612761,TOR,59,35,24,37.5,37.5,13163.5,2.5,1.4,1.1,4.01,4.33,3.69,2016-17
203124,Kyle O'Quinn,1610612752,NYK,79,29,50,15.6,15.6,5579.2,1.1,0.6,0.5,4.08,4.3,3.85,2016-17
202713,Kyle Singler,1610612760,OKC,32,15,17,12.0,12.0,4648.4,0.9,0.5,0.4,4.4,4.81,4.0,2016-17
1627787,Kyle Wiltjer,1610612745,HOU,14,12,2,3.1,3.1,1152.6,0.2,0.1,0.1,4.26,4.37,4.14,2016-17
202681,Kyrie Irving,1610612739,CLE,72,47,25,35.1,35.1,12428.7,2.4,1.3,1.1,4.03,4.34,3.72,2016-17
200746,LaMarcus Aldridge,1610612759,SAS,71,52,19,32.4,32.4,11517.0,2.2,1.2,1.0,4.05,4.16,3.93,2016-17
203934,Lamar Patterson,1610612737,ATL,5,1,4,8.1,8.1,3073.6,0.6,0.3,0.3,4.31,4.81,3.89,2016-17
202362,Lance Stephenson,1610612754,IND,18,8,10,20.1,20.1,6949.2,1.3,0.7,0.6,3.94,4.24,3.64,2016-17
202498,Lance Thomas,1610612752,NYK,46,15,31,21.0,21.0,8196.2,1.6,0.8,0.7,4.44,4.71,4.15,2016-17
204038,Langston Galloway,1610612758,SAC,74,29,45,20.2,20.2,7536.7,1.4,0.7,0.7,4.25,4.54,3.98,2016-17
1626204,Larry Nance Jr.,1610612747,LAL,63,21,42,22.9,22.9,8865.3,1.7,0.9,0.8,4.42,4.76,4.07,2016-17
202336,Larry Sanders,1610612739,CLE,5,2,3,2.5,2.5,919.4,0.2,0.1,0.1,4.24,4.7,3.77,2016-17
202730,Lavoy Allen,1610612754,IND,60,31,29,14.5,14.5,5426.3,1.0,0.6,0.5,4.27,4.45,4.09,2016-17
2544,LeBron James,1610612739,CLE,74,51,23,37.8,37.8,12611.3,2.4,1.3,1.1,3.8,3.99,3.62,2016-17
2571,Leandro Barbosa,1610612756,PHX,65,19,46,14.5,14.5,5497.8,1.0,0.6,0.5,4.38,4.85,3.93,2016-17
101150,Lou Williams,1610612745,HOU,81,34,47,24.6,24.6,8811.2,1.7,0.9,0.8,4.08,4.46,3.71,2016-17
201601,Luc Mbah a Moute,1610612746,LAC,80,49,31,22.3,22.3,8309.8,1.6,0.8,0.8,4.24,4.41,4.07,2016-17
203512,Lucas Nogueira,1610612761,TOR,56,33,23,19.0,19.0,6924.7,1.3,0.7,0.6,4.15,4.36,3.94,2016-17
2449,Luis Scola,1610612751,BKN,35,7,28,12.7,12.7,4915.2,0.9,0.5,0.4,4.43,4.92,3.96,2016-17
202337,Luke Babbitt,1610612748,MIA,68,35,33,15.7,15.7,6240.8,1.2,0.7,0.5,4.55,5.09,3.99,2016-17
2736,Luol Deng,1610612747,LAL,56,18,38,26.5,26.5,10108.7,1.9,1.0,0.9,4.34,4.67,4.0,2016-17
1627781,Malachi Richardson,1610612758,SAC,22,9,13,9.0,9.0,3314.4,0.6,0.4,0.3,4.19,4.59,3.77,2016-17
1627763,Malcolm Brogdon,1610612749,MIL,75,38,37,26.4,26.4,9875.6,1.9,1.0,0.9,4.27,4.69,3.86,2016-17
1627098,Malcolm Delaney,1610612737,ATL,73,37,36,17.1,17.1,6209.4,1.2,0.6,0.6,4.15,4.5,3.82,2016-17
1627736,Malik Beasley,1610612743,DEN,21,11,10,7.7,7.7,3000.5,0.6,0.3,0.3,4.42,4.85,4.03,2016-17
202412,Manny Harris,1610612742,DAL,4,1,3,6.2,6.2,2382.0,0.5,0.2,0.2,4.37,4.75,3.98,2016-17
1938,Manu Ginobili,1610612759,SAS,68,51,17,18.6,18.6,6756.8,1.3,0.7,0.6,4.13,4.45,3.82,2016-17
201188,Marc Gasol,1610612763,MEM,74,40,34,34.2,34.2,10950.1,2.1,1.1,0.9,3.65,3.82,3.46,2016-17
1626273,Marcelo Huertas,1610612747,LAL,23,5,18,10.3,10.3,4091.1,0.8,0.4,0.4,4.52,4.99,4.12,2016-17
101162,Marcin Gortat,1610612764,WAS,82,49,33,31.2,31.2,11345.3,2.1,1.1,1.0,4.15,4.44,3.87,2016-17
201158,Marco Belinelli,1610612766,CHA,74,34,40,24.0,24.0,9417.8,1.8,1.0,0.8,4.46,4.95,3.95,2016-17
1627875,Marcus Georges-Hunt,1610612753,ORL,5,2,3,9.5,9.5,3510.4,0.7,0.4,0.3,4.18,4.48,4.11,2016-17
202694,Marcus Morris Sr.,1610612765,DET,79,36,43,32.5,32.5,12026.1,2.3,1.2,1.0,4.22,4.57,3.87,2016-17
203935,Marcus Smart,1610612738,BOS,79,51,28,30.4,30.4,10674.5,2.0,1.1,0.9,4.0,4.25,3.76,2016-17
201977,Marcus Thornton,1610612764,WAS,33,15,18,17.4,17.4,6290.1,1.2,0.6,0.6,4.11,4.33,3.92,2016-17
1626209,Mario Hezonja,1610612753,ORL,65,20,45,14.8,14.8,5587.1,1.1,0.6,0.5,4.31,4.53,4.09,2016-17
202693,Markieff Morris,1610612764,WAS,76,45,31,31.2,31.2,10423.6,2.0,1.0,1.0,3.8,3.95,3.66,2016-17
1627737,Marquese Chriss,1610612756,PHX,80,23,57,21.3,21.3,8225.7,1.6,0.8,0.7,4.4,4.83,4.0,2016-17
201578,Marreese Speights,1610612746,LAC,82,51,31,15.7,15.7,5340.0,1.0,0.5,0.5,3.88,4.04,3.73,2016-17
1627850,Marshall Plumlee,1610612752,NYK,21,6,15,8.1,8.1,3150.3,0.6,0.3,0.3,4.42,4.75,4.09,2016-17
101107,Marvin Williams,1610612766,CHA,76,32,44,30.2,30.2,11506.8,2.2,1.2,1.0,4.34,4.8,3.86,2016-17
203486,Mason Plumlee,1610612743,DEN,81,38,43,26.5,26.5,9886.9,1.9,1.0,0.9,4.26,4.58,3.94,2016-17
2440,Matt Barnes,1610612744,GSW,74,38,36,24.0,24.0,9147.2,1.7,1.0,0.8,4.34,4.73,3.93,2016-17
203521,Matthew Dellavedova,1610612749,MIL,76,39,37,26.1,26.1,9789.0,1.9,1.0,0.9,4.28,4.74,3.83,2016-17
203090,Maurice Harkless,1610612757,POR,77,38,39,28.9,28.9,11093.8,2.1,1.1,1.0,4.38,4.62,4.14,2016-17
1626254,Maurice Ndour,1610612752,NYK,32,10,22,10.4,10.4,4099.6,0.8,0.4,0.4,4.52,4.77,4.32,2016-17
1897,Metta World Peace,1610612747,LAL,25,8,17,6.4,6.4,2321.9,0.4,0.2,0.2,4.12,4.25,3.99,2016-17
203086,Meyers Leonard,1610612757,POR,74,37,37,16.5,16.5,5597.9,1.1,0.6,0.5,3.86,4.05,3.66,2016-17
201563,Michael Beasley,1610612749,MIL,56,23,33,16.7,16.7,6296.5,1.2,0.6,0.6,4.32,4.56,4.08,2016-17
203487,Michael Carter-Williams,1610612741,CHI,45,25,20,18.8,18.8,7276.2,1.4,0.8,0.6,4.41,4.7,4.1,2016-17
1627771,Michael Gbinije,1610612765,DET,9,7,2,3.5,3.5,1367.7,0.3,0.2,0.1,4.37,5.02,4.05,2016-17
203077,Michael Kidd-Gilchrist,1610612766,CHA,81,36,45,29.0,29.0,11535.1,2.2,1.1,1.0,4.53,4.67,4.38,2016-17
201144,Mike Conley,1610612763,MEM,69,35,34,33.2,33.2,12298.0,2.3,1.3,1.0,4.22,4.57,3.84,2016-17
2399,Mike Dunleavy,1610612737,ATL,53,34,19,15.9,15.9,6142.6,1.2,0.6,0.5,4.42,4.85,3.98,2016-17
2034,Mike Miller,1610612743,DEN,19,8,11,7.8,7.8,2838.2,0.5,0.3,0.2,4.15,4.65,3.67,2016-17
203488,Mike Muscala,1610612737,ATL,70,36,34,17.7,17.7,6979.4,1.3,0.7,0.6,4.5,4.93,4.09,2016-17
203118,Mike Scott,1610612737,ATL,18,7,11,10.8,10.8,4149.9,0.8,0.4,0.4,4.35,4.71,4.01,2016-17
1627861,Mike Tobey,1610612766,CHA,2,0,2,12.6,12.6,4616.5,0.9,0.5,0.4,4.06,4.09,4.02,2016-17
203101,Miles Plumlee,1610612766,CHA,45,19,26,10.8,10.8,4052.8,0.8,0.4,0.4,4.29,4.49,4.11,2016-17
1627851,Mindaugas Kuzminskas,1610612752,NYK,68,24,44,14.9,14.9,5901.1,1.1,0.6,0.5,4.49,4.9,4.08,2016-17
203141,Mirza Teletovic,1610612749,MIL,70,36,34,16.2,16.2,5995.7,1.1,0.6,0.5,4.23,4.61,3.87,2016-17
101145,Monta Ellis,1610612754,IND,73,39,34,27.0,27.0,9801.1,1.9,1.0,0.9,4.13,4.36,3.91,2016-17
1626149,Montrezl Harrell,1610612745,HOU,58,39,19,18.3,18.3,6685.7,1.3,0.7,0.6,4.14,4.48,3.83,2016-17
1626167,Myles Turner,1610612754,IND,80,42,38,31.5,31.5,11526.8,2.2,1.2,1.0,4.16,4.5,3.85,2016-17
202357,Nemanja Bjelica,1610612750,MIN,65,28,37,18.3,18.3,6821.8,1.3,0.7,0.6,4.25,4.53,3.96,2016-17
2403,Nene,1610612745,HOU,67,47,20,17.9,17.9,6660.8,1.3,0.6,0.6,4.24,4.56,3.95,2016-17
203457,Nerlens Noel,1610612742,DAL,51,24,27,20.5,20.5,7452.7,1.4,0.8,0.7,4.14,4.35,3.91,2016-17
2555,Nick Collison,1610612760,OKC,20,10,10,6.4,6.4,2428.2,0.5,0.3,0.2,4.34,4.86,3.83,2016-17
201156,Nick Young,1610612747,LAL,60,19,41,25.9,25.9,9284.3,1.8,0.9,0.8,4.08,4.31,3.85,2016-17
201587,Nicolas Batum,1610612766,CHA,77,35,42,34.0,34.0,13040.6,2.5,1.3,1.1,4.37,4.68,4.04,2016-17
1627852,Nicolas Brussino,1610612742,DAL,54,18,36,9.7,9.7,3826.9,0.7,0.4,0.3,4.51,4.99,4.01,2016-17
1627879,Nicolas Laprovittola,1610612759,SAS,18,15,3,9.7,9.7,3841.7,0.7,0.4,0.3,4.53,4.89,4.15,2016-17
203917,Nik Stauskas,1610612755,PHI,80,27,53,27.3,27.3,10897.3,2.1,1.2,0.9,4.54,5.07,4.01,2016-17
203999,Nikola Jokić,1610612743,DEN,72,36,36,27.9,27.9,10182.8,1.9,1.1,0.9,4.15,4.57,3.74,2016-17
202703,Nikola Mirotic,1610612741,CHI,70,37,33,24.0,24.0,8915.3,1.7,0.9,0.8,4.23,4.6,3.86,2016-17
202696,Nikola Vučević,1610612753,ORL,75,27,48,28.8,28.8,10106.7,1.9,1.0,0.9,4.01,4.26,3.78,2016-17
203943,Noah Vonleh,1610612757,POR,74,38,36,17.1,17.1,6667.5,1.3,0.7,0.6,4.44,4.73,4.14,2016-17
1626181,Norman Powell,1610612761,TOR,75,46,29,17.9,17.9,6923.0,1.3,0.7,0.6,4.41,4.71,4.12,2016-17
202708,Norris Cole,1610612760,OKC,13,5,8,9.6,9.6,3533.0,0.7,0.4,0.3,4.32,4.77,3.92,2016-17
1627855,Okaro White,1610612748,MIA,35,26,9,13.5,13.5,5225.7,1.0,0.5,0.5,4.42,4.59,4.23,2016-17
201600,Omer Asik,1610612740,NOP,31,12,19,15.6,15.6,5672.8,1.1,0.6,0.5,4.15,4.47,3.84,2016-17
201956,Omri Casspi,1610612750,MIN,36,12,24,17.8,17.8,6734.2,1.3,0.7,0.6,4.3,4.61,3.97,2016-17
203490,Otto Porter Jr.,1610612764,WAS,80,48,32,32.6,32.6,12640.3,2.4,1.2,1.1,4.42,4.72,4.13,2016-17
200782,P.J. Tucker,1610612761,TOR,79,34,45,27.6,27.6,9814.7,1.9,1.0,0.9,4.05,4.23,3.87,2016-17
1627783,Pascal Siakam,1610612761,TOR,54,34,20,15.4,15.4,6127.6,1.2,0.6,0.5,4.55,4.79,4.3,2016-17
1626192,Pat Connaughton,1610612757,POR,39,18,21,8.1,8.1,3079.9,0.6,0.3,0.3,4.34,4.75,3.9,2016-17
1627868,Patricio Garino,1610612753,ORL,5,2,3,8.6,8.6,3424.2,0.6,0.4,0.3,4.46,4.85,4.3,2016-17
201976,Patrick Beverley,1610612745,HOU,67,46,21,30.7,30.7,11976.5,2.3,1.2,1.1,4.45,4.75,4.18,2016-17
1627775,Patrick McCaw,1610612744,GSW,71,57,14,15.1,15.1,5744.1,1.1,0.6,0.5,4.32,4.6,4.06,2016-17
202335,Patrick Patterson,1610612761,TOR,65,42,23,24.6,24.6,8760.2,1.7,0.9,0.8,4.06,4.36,3.76,2016-17
201988,Patty Mills,1610612759,SAS,80,60,20,21.9,21.9,9099.5,1.7,1.0,0.8,4.73,5.32,4.14,2016-17
2200,Pau Gasol,1610612759,SAS,63,47,16,25.4,25.4,9091.1,1.7,0.9,0.8,4.09,4.37,3.78,2016-17
202331,Paul George,1610612754,IND,74,39,35,35.9,35.9,13175.2,2.5,1.3,1.2,4.17,4.47,3.89,2016-17
200794,Paul Millsap,1610612737,ATL,69,40,29,34.0,34.0,12267.6,2.3,1.2,1.1,4.12,4.42,3.83,2016-17
1718,Paul Pierce,1610612746,LAC,25,16,9,11.1,11.1,3614.4,0.7,0.4,0.3,3.71,3.78,3.64,2016-17
1627835,Paul Zipser,1610612741,CHI,44,21,23,19.2,19.2,7443.5,1.4,0.8,0.6,4.42,4.78,4.06,2016-17
203510,Pierre Jackson,1610612742,DAL,9,4,5,9.4,9.4,3679.8,0.7,0.4,0.3,4.59,4.88,4.29,2016-17
203112,Quincy Acy,1610612751,BKN,38,11,27,14.7,14.7,5419.8,1.0,0.6,0.5,4.21,4.58,3.84,2016-17
1626188,Quinn Cook,1610612740,NOP,14,9,5,13.4,13.4,5306.8,1.0,0.5,0.5,4.53,4.79,4.26,2016-17
1626154,RJ Hunter,1610612741,CHI,3,2,1,3.1,3.1,1150.0,0.2,0.1,0.1,4.59,4.91,4.24,2016-17
200765,Rajon Rondo,1610612741,CHI,69,34,35,26.7,26.7,9776.3,1.9,1.0,0.9,4.17,4.39,3.95,2016-17
1626176,Rakeem Christmas,1610612754,IND,29,14,15,7.6,7.6,2682.2,0.5,0.3,0.2,4.03,4.11,3.94,2016-17
201196,Ramon Sessions,1610612766,CHA,50,23,27,16.2,16.2,5943.2,1.1,0.6,0.5,4.18,4.5,3.84,2016-17
200751,Randy Foye,1610612751,BKN,68,17,51,18.8,18.8,6886.0,1.3,0.7,0.6,4.18,4.43,3.94,2016-17
1626173,Rashad Vaughn,1610612749,MIL,41,18,23,11.2,11.2,4301.3,0.8,0.4,0.4,4.38,4.51,4.24,2016-17
203526,Raul Neto,1610612762,UTA,40,24,16,8.6,8.6,3451.2,0.7,0.3,0.3,4.54,4.71,4.36,2016-17
101109,Raymond Felton,1610612746,LAC,80,50,30,21.2,21.2,7976.7,1.5,0.8,0.7,4.28,4.33,4.22,2016-17
203493,Reggie Bullock Jr.,1610612765,DET,31,13,18,15.1,15.1,5832.4,1.1,0.6,0.5,4.41,4.75,4.11,2016-17
202704,Reggie Jackson,1610612765,DET,52,23,29,27.4,27.4,10113.3,1.9,1.0,0.9,4.21,4.57,3.85,2016-17
202130,Reggie Williams,1610612740,NOP,6,1,5,13.2,13.2,5146.0,1.0,0.5,0.4,4.39,4.84,4.06,2016-17
2210,Richard Jefferson,1610612739,CLE,79,50,29,20.4,20.4,7024.2,1.3,0.7,0.7,3.92,3.95,3.89,2016-17
1626158,Richaun Holmes,1610612755,PHI,57,16,41,20.9,20.9,7762.0,1.5,0.8,0.7,4.22,4.5,3.94,2016-17
201937,Ricky Rubio,1610612750,MIN,75,28,47,32.9,32.9,12392.7,2.3,1.3,1.1,4.28,4.54,4.01,2016-17
203496,Robert Covington,1610612755,PHI,67,27,40,31.6,31.6,11829.7,2.2,1.2,1.0,4.26,4.61,3.9,2016-17
201577,Robin Lopez,1610612741,CHI,81,40,41,28.0,28.0,10038.1,1.9,1.0,0.9,4.08,4.3,3.84,2016-17
203918,Rodney Hood,1610612762,UTA,59,40,19,27.0,27.0,10071.0,1.9,1.1,0.8,4.25,4.53,3.95,2016-17
203585,Rodney McGruder,1610612748,MIA,78,40,38,25.2,25.2,10253.6,1.9,1.0,0.9,4.63,4.87,4.38,2016-17
201155,Rodney Stuckey,1610612754,IND,39,17,22,17.9,17.9,6270.0,1.2,0.6,0.5,4.0,4.28,3.71,2016-17
1627758,Ron Baker,1610612752,NYK,52,14,38,16.5,16.5,6553.5,1.2,0.7,0.6,4.52,4.91,4.15,2016-17
1626178,Rondae Hollis-Jefferson,1610612751,BKN,77,19,58,22.6,22.6,9024.6,1.7,0.9,0.8,4.55,4.97,4.15,2016-17
101179,Ronnie Price,1610612756,PHX,14,4,10,9.6,9.6,3763.4,0.7,0.4,0.3,4.48,4.81,4.17,2016-17
201579,Roy Hibbert,1610612743,DEN,48,24,24,14.2,14.2,5137.1,1.0,0.5,0.5,4.13,4.33,3.91,2016-17
200752,Rudy Gay,1610612758,SAC,30,11,19,33.8,33.8,12465.0,2.4,1.3,1.1,4.21,4.42,3.99,2016-17
203497,Rudy Gobert,1610612762,UTA,81,51,30,33.9,33.9,12638.4,2.4,1.3,1.1,4.25,4.53,3.96,2016-17
201566,Russell Westbrook,1610612760,OKC,81,46,35,34.6,34.6,12533.4,2.4,1.3,1.1,4.13,4.72,3.61,2016-17
201583,Ryan Anderson,1610612745,HOU,72,50,22,29.4,29.4,10319.9,2.0,1.0,0.9,4.01,4.38,3.66,2016-17
203527,Ryan Kelly,1610612737,ATL,16,6,10,6.9,6.9,2435.7,0.5,0.2,0.2,4.03,4.49,3.62,2016-17
1626257,Salah Mejri,1610612742,DAL,72,28,44,12.3,12.3,4551.8,0.9,0.5,0.4,4.21,4.22,4.18,2016-17
1626155,Sam Dekker,1610612745,HOU,77,52,25,18.4,18.4,7444.9,1.4,0.7,0.7,4.6,5.09,4.15,2016-17
2756,Sasha Vujacic,1610612752,NYK,42,14,28,9.7,9.7,3750.3,0.7,0.4,0.3,4.39,4.72,4.09,2016-17
203930,Sean Kilpatrick,1610612751,BKN,69,14,55,25.1,25.1,9454.7,1.8,1.0,0.8,4.29,4.69,3.91,2016-17
203902,Semaj Christon,1610612760,OKC,64,36,28,15.2,15.2,5654.8,1.1,0.6,0.5,4.24,4.56,3.92,2016-17
201586,Serge Ibaka,1610612761,TOR,79,37,42,30.7,30.7,10909.7,2.1,1.1,1.0,4.07,4.35,3.79,2016-17
200771,Sergio Rodriguez,1610612755,PHI,68,24,44,22.3,22.3,9468.6,1.8,1.0,0.7,4.83,5.59,4.06,2016-17
203552,Seth Curry,1610612742,DAL,69,29,40,29.1,29.1,10860.0,2.1,1.1,0.9,4.25,4.47,4.01,2016-17
203498,Shabazz Muhammad,1610612750,MIN,78,29,49,19.4,19.4,7372.9,1.4,0.7,0.7,4.33,4.38,4.28,2016-17
203894,Shabazz Napier,1610612757,POR,53,26,27,9.7,9.7,3522.7,0.7,0.4,0.3,4.16,4.55,3.72,2016-17
2733,Shaun Livingston,1610612744,GSW,76,63,13,17.7,17.7,6716.8,1.3,0.7,0.6,4.33,4.82,3.87,2016-17
1627848,Shawn Long,1610612755,PHI,18,5,13,13.0,13.0,4775.7,0.9,0.5,0.4,4.2,4.48,3.92,2016-17
1627815,Sheldon Mac,1610612764,WAS,30,17,13,9.6,9.6,3754.8,0.7,0.4,0.3,4.47,4.83,4.12,2016-17
202714,Shelvin Mack,1610612762,UTA,55,34,21,21.9,21.9,8600.2,1.6,0.9,0.7,4.47,4.75,4.18,2016-17
1627746,Skal Labissiere,1610612758,SAC,33,9,24,18.5,18.5,6970.6,1.3,0.7,0.6,4.28,4.54,4.02,2016-17
203524,Solomon Hill,1610612740,NOP,80,34,46,29.7,29.7,10890.6,2.1,1.1,1.0,4.18,4.46,3.91,2016-17
203915,Spencer Dinwiddie,1610612751,BKN,58,13,45,22.6,22.6,8377.0,1.6,0.8,0.7,4.21,4.56,3.88,2016-17
201150,Spencer Hawes,1610612749,MIL,54,27,27,14.8,14.8,5376.1,1.0,0.6,0.5,4.14,4.43,3.85,2016-17
1626169,Stanley Johnson,1610612765,DET,77,35,42,17.8,17.8,6861.4,1.3,0.7,0.6,4.39,4.64,4.14,2016-17
201939,Stephen Curry,1610612744,GSW,79,65,14,33.4,33.4,13086.4,2.5,1.3,1.2,4.46,5.13,3.88,2016-17
1627757,Stephen Zimmerman,1610612753,ORL,19,8,11,5.7,5.7,2190.7,0.4,0.2,0.2,4.41,4.61,4.21,2016-17
200779,Steve Novak,1610612749,MIL,8,6,2,2.7,2.7,991.6,0.2,0.1,0.1,4.1,4.33,3.86,2016-17
203500,Steven Adams,1610612760,OKC,80,47,33,29.9,29.9,10721.5,2.0,1.0,1.0,4.08,4.33,3.86,2016-17
204456,T.J. McConnell,1610612755,PHI,81,27,54,26.3,26.3,10988.3,2.1,1.2,0.9,4.75,5.35,4.14,2016-17
203933,T.J. Warren,1610612756,PHX,64,19,45,31.2,31.2,12013.3,2.3,1.2,1.1,4.39,4.63,4.16,2016-17
201959,Taj Gibson,1610612760,OKC,78,41,37,25.5,25.5,9280.5,1.8,0.9,0.8,4.16,4.42,3.88,2016-17
204028,Tarik Black,1610612747,LAL,67,24,43,16.3,16.3,6238.1,1.2,0.6,0.5,4.37,4.77,3.99,2016-17
1627752,Taurean Prince,1610612737,ATL,59,28,31,16.6,16.6,6076.1,1.2,0.6,0.5,4.16,4.46,3.87,2016-17
203093,Terrence Jones,1610612749,MIL,54,20,34,23.5,23.5,8416.5,1.6,0.8,0.8,4.07,4.36,3.79,2016-17
203082,Terrence Ross,1610612753,ORL,77,38,39,25.1,25.1,9548.2,1.8,1.0,0.8,4.33,4.72,3.97,2016-17
1626179,Terry Rozier,1610612738,BOS,74,47,27,17.1,17.1,6770.1,1.3,0.7,0.6,4.51,4.87,4.15,2016-17
200757,Thabo Sefolosha,1610612737,ATL,62,32,30,25.7,25.7,9819.4,1.9,1.0,0.9,4.35,4.68,4.04,2016-17
201152,Thaddeus Young,1610612754,IND,73,40,33,30.3,30.3,11449.5,2.2,1.1,1.0,4.31,4.57,4.05,2016-17
203080,Thomas Robinson,1610612747,LAL,48,15,33,11.7,11.7,4485.3,0.8,0.5,0.4,4.37,4.71,4.04,2016-17
1627748,Thon Maker,1610612749,MIL,57,31,26,9.9,9.9,4041.9,0.8,0.4,0.4,4.67,4.9,4.46,2016-17
201168,Tiago Splitter,1610612755,PHI,8,1,7,9.5,9.5,3460.1,0.7,0.4,0.3,4.25,4.57,4.08,2016-17
204025,Tim Frazier,1610612740,NOP,65,26,39,23.5,23.5,8927.0,1.7,0.9,0.8,4.33,4.73,3.95,2016-17
203501,Tim Hardaway Jr.,1610612737,ATL,79,42,37,27.3,27.3,10010.5,1.9,1.0,0.9,4.19,4.49,3.91,2016-17
1627817,Tim Quarterman,1610612757,POR,16,6,10,5.0,5.0,1972.9,0.4,0.2,0.2,4.5,4.76,4.23,2016-17
202389,Timofey Mozgov,1610612747,LAL,54,16,38,20.4,20.4,7965.5,1.5,0.8,0.7,4.44,4.72,4.14,2016-17
1627789,Timothe Luwawu-Cabarrot,1610612755,PHI,69,23,46,17.2,17.2,7230.5,1.4,0.8,0.6,4.78,5.33,4.24,2016-17
202699,Tobias Harris,1610612765,DET,82,37,45,31.3,31.3,11769.3,2.2,1.2,1.0,4.29,4.7,3.88,2016-17
203107,Tomas Satoransky,1610612764,WAS,57,33,24,12.6,12.6,4996.4,0.9,0.5,0.5,4.51,4.76,4.27,2016-17
201962,Toney Douglas,1610612763,MEM,24,15,9,16.4,16.4,6526.0,1.2,0.7,0.6,4.53,4.71,4.33,2016-17
2754,Tony Allen,1610612763,MEM,71,36,35,27.0,27.0,9722.9,1.8,1.0,0.9,4.11,4.13,4.1,2016-17
2225,Tony Parker,1610612759,SAS,62,46,16,25.1,25.1,9899.5,1.9,1.1,0.8,4.5,4.94,4.03,2016-17
203503,Tony Snell,1610612749,MIL,80,42,38,29.2,29.2,10281.1,1.9,1.0,1.0,4.02,4.02,4.02,2016-17
1626203,Treveon Graham,1610612766,CHA,27,10,17,7.0,7.0,2725.2,0.5,0.3,0.2,4.45,4.67,4.2,2016-17
2772,Trevor Ariza,1610612745,HOU,80,53,27,34.7,34.7,12306.3,2.3,1.2,1.2,4.05,4.21,3.9,2016-17
202344,Trevor Booker,1610612751,BKN,70,18,52,24.8,24.8,9540.2,1.8,1.0,0.8,4.39,4.75,4.04,2016-17
203504,Trey Burke,1610612764,WAS,57,35,22,12.3,12.3,4777.9,0.9,0.5,0.4,4.42,4.64,4.19,2016-17
1626168,Trey Lyles,1610612762,UTA,71,43,28,16.3,16.3,6029.7,1.1,0.6,0.5,4.21,4.43,3.97,2016-17
202684,Tristan Thompson,1610612739,CLE,78,50,28,30.0,30.0,11304.2,2.1,1.1,1.0,4.3,4.48,4.11,2016-17
203584,Troy Daniels,1610612763,MEM,67,33,34,17.7,17.7,6670.0,1.3,0.7,0.6,4.3,4.6,3.97,2016-17
1627786,Troy Williams,1610612745,HOU,30,19,11,18.6,18.6,7120.5,1.3,0.7,0.6,4.37,4.68,4.07,2016-17
201951,Ty Lawson,1610612758,SAC,69,25,44,25.1,25.1,9099.3,1.7,0.9,0.8,4.13,4.35,3.91,2016-17
203898,Tyler Ennis,1610612747,LAL,53,28,25,11.1,11.1,4435.2,0.8,0.4,0.4,4.55,5.05,4.08,2016-17
204020,Tyler Johnson,1610612748,MIA,73,35,38,29.8,29.8,11432.2,2.2,1.2,1.0,4.37,4.62,4.09,2016-17
1627755,Tyler Ulis,1610612756,PHX,59,14,45,18.7,18.7,7180.8,1.4,0.7,0.7,4.4,4.72,4.11,2016-17
203092,Tyler Zeller,1610612738,BOS,51,32,19,10.3,10.3,3842.0,0.7,0.4,0.3,4.27,4.53,4.01,2016-17
201936,Tyreke Evans,1610612758,SAC,40,17,23,19.7,19.7,6832.1,1.3,0.7,0.6,3.95,4.38,3.52,2016-17
2199,Tyson Chandler,1610612756,PHX,45,14,31,27.3,27.3,9417.0,1.8,0.9,0.8,3.93,4.18,3.69,2016-17
1626145,Tyus Jones,1610612750,MIN,60,23,37,12.9,12.9,4931.9,0.9,0.5,0.4,4.35,4.62,4.09,2016-17
2617,Udonis Haslem,1610612748,MIA,16,6,10,8.1,8.1,2733.6,0.5,0.3,0.2,3.83,3.88,3.67,2016-17
203506,Victor Oladipo,1610612760,OKC,67,39,28,33.2,33.2,12393.7,2.3,1.2,1.2,4.25,4.53,4.0,2016-17
1713,Vince Carter,1610612763,MEM,73,36,37,24.7,24.7,8545.7,1.6,0.9,0.7,3.95,4.17,3.7,2016-17
1627735,Wade Baldwin IV,1610612763,MEM,33,18,15,12.3,12.3,4962.1,0.9,0.5,0.4,4.6,4.96,4.24,2016-17
201961,Wayne Ellington,1610612748,MIA,62,35,27,24.2,24.2,9160.0,1.7,1.0,0.8,4.32,4.64,3.97,2016-17
1627782,Wayne Selden,1610612763,MEM,14,6,8,16.9,16.9,6287.8,1.2,0.7,0.5,4.25,4.6,3.88,2016-17
202325,Wesley Johnson,1610612746,LAC,68,40,28,11.9,11.9,4373.4,0.8,0.4,0.4,4.18,4.4,3.97,2016-17
202083,Wesley Matthews,1610612742,DAL,72,28,44,34.1,34.1,12296.6,2.3,1.3,1.0,4.1,4.31,3.87,2016-17
203115,Will Barton,1610612743,DEN,59,30,29,28.5,28.5,10446.4,2.0,1.1,0.9,4.18,4.6,3.77,2016-17
1626161,Willie Cauley-Stein,1610612758,SAC,75,29,46,18.9,18.9,7097.6,1.3,0.7,0.6,4.27,4.47,4.06,2016-17
203186,Willie Reed,1610612748,MIA,71,39,32,14.5,14.5,5225.3,1.0,0.5,0.5,4.11,4.18,4.03,2016-17
1626195,Willy Hernangomez,1610612752,NYK,72,27,45,18.4,18.4,7116.2,1.3,0.7,0.6,4.4,4.69,4.11,2016-17
201163,Wilson Chandler,1610612743,DEN,70,34,36,30.9,30.9,10906.6,2.1,1.1,1.0,4.02,4.31,3.72,2016-17
1627812,Yogi Ferrell,1610612742,DAL,46,18,28,26.0,26.0,10053.2,1.9,1.0,0.9,4.4,4.69,4.1,2016-17
203897,Zach LaVine,1610612750,MIN,47,16,31,37.2,37.2,14327.9,2.7,1.5,1.3,4.39,4.66,4.11,2016-17
2216,Zach Randolph,1610612763,MEM,73,38,35,24.5,24.5,8471.1,1.6,0.9,0.7,3.94,3.99,3.88,2016-17
2585,Zaza Pachulia,1610612744,GSW,70,58,12,18.1,18.1,6674.3,1.3,0.6,0.6,4.2,4.55,3.91,2016-17
